shop_id,shop_address,shop_name,delivery_fee,latitude,longitude,opening_hours,recent_order_num,shop_rating,shop_compare_rating,shop_food_score,shop_positive_rating,shop_service_score,shop_star_level,menu_name,item_id,item_description,item_month_sales,item_name,item_rating,item_rating_count,item_satisfy_count,item_satisfy_rate
834854,南京市玄武区龙蟠路9号兴隆大厦一层,必胜客（南京兴隆店）,4,32.090281,118.786664,[u'10:30/21:30'],649,4.9,0.6660802251935257,4.5713,0.97,5,4.9,比萨,200000074391699870,"精选泰国进口金枕榴莲，搭配香浓芝士，烘烤后的大块榴莲和芝士美妙融合，香气扑鼻，口味浓郁，让爱榴莲的你无法抗拒。<br>主要原料:面团、金枕榴莲、芝士

",31,榴莲多多比萨,4.5,2,2,100
834854,南京市玄武区龙蟠路9号兴隆大厦一层,必胜客（南京兴隆店）,4,32.090281,118.786664,[u'10:30/21:30'],649,4.9,0.6660802251935257,4.5713,0.97,5,4.9,比萨,2216614302,"""腊肉肠、香肠、火腿、牛肉，搭配菠萝、蘑菇、洋葱、青椒等蔬菜水果，如此丰盛馅料，口口都是令人满足的好滋味。<br>主要原料:面团、牛肉粒、猪肉粒、火腿、腊肉肠、芝士、蔬菜、菠萝、黑橄榄
""
",83,超级至尊比萨,4.07,15,15,100
834854,南京市玄武区龙蟠路9号兴隆大厦一层,必胜客（南京兴隆店）,4,32.090281,118.786664,[u'10:30/21:30'],649,4.9,0.6660802251935257,4.5713,0.97,5,4.9,比萨,2216623518,"""大虾、鱿鱼、章鱼等丰富海鲜美味荟萃，配上酸甜菠萝和青椒，海鲜美味扑面而来。<br>主要原料:面团、芝士、虾、鱿鱼、章鱼、蟹柳块、青椒、菠萝
<br>主要原料:面团、芝士、虾、鱿鱼、章鱼、蟹柳块、青椒、菠萝
""
。",78,海鲜至尊比萨,4.366666666666666,22,22,100
834854,南京市玄武区龙蟠路9号兴隆大厦一层,必胜客（南京兴隆店）,4,32.090281,118.786664,[u'10:30/21:30'],649,4.9,0.6660802251935257,4.5713,0.97,5,4.9,比萨,2216625566,"精选柔嫩多汁的新奥尔良风味鸡肉和鲜香培根, 辅以金黄香浓的车打芝士酱和蘑菇、番茄等蔬菜，鲜香浓郁，美味尽享！<br>主要原料:面团、芝士、鸡肉、培根、蔬菜
",21,新奥尔良风情烤肉比萨,4.0,1,1,100
834854,南京市玄武区龙蟠路9号兴隆大厦一层,必胜客（南京兴隆店）,4,32.090281,118.786664,[u'10:30/21:30'],649,4.9,0.6660802251935257,4.5713,0.97,5,4.9,比萨,150586760606,"鲜香多汁的牛肉条、咬劲十足，搭配剁椒 、辣椒、花椒等各式风味特调鲜辣酱，辅以玉米、蘑菇、樱桃番茄等蔬菜，浓浓鲜香风味和微辣口感在舌尖激荡、风味十足，酣畅过瘾。<br>主要原料:面团、芝士、牛肉、蔬菜



",10,香烤劲牛比萨,4.0,2,2,100
834854,南京市玄武区龙蟠路9号兴隆大厦一层,必胜客（南京兴隆店）,4,32.090281,118.786664,[u'10:30/21:30'],649,4.9,0.6660802251935257,4.5713,0.97,5,4.9,比萨,150586761630,"网罗鲜美虾球、墨鱼、鱿鱼、八爪鱼、飞鱼籽等丰富海鲜，搭配意式香辣海鲜风味酱，尽情欢享大海的恩惠。<br>主要原料:面团、芝士、虾、鱿鱼、章鱼、墨鱼、飞鱼籽、蔬菜、培根


",9,海鲜大狂欢比萨,5.0,1,1,100
834854,南京市玄武区龙蟠路9号兴隆大厦一层,必胜客（南京兴隆店）,4,32.090281,118.786664,[u'10:30/21:30'],649,4.9,0.6660802251935257,4.5713,0.97,5,4.9,比萨,150585692574,"""特选鲜嫩的喷香鸭肉，搭配京味酱，再配以黄瓜、京葱等传统辅料，大胆将中式经典风味与西方经典美食比萨融合。<br>主要原料:面团、芝士、鸭肉、蔬菜

""
",12,北京潮鸭比萨,4.5,2,2,100
834854,南京市玄武区龙蟠路9号兴隆大厦一层,必胜客（南京兴隆店）,4,32.090281,118.786664,[u'10:30/21:30'],649,4.9,0.6660802251935257,4.5713,0.97,5,4.9,比萨,200000092683107742,"腊肉肠、莫扎里拉芝士。<br>主要原料:面团、芝士、腊肉肠

",3,美式精选比萨,5.0,1,1,100
834854,南京市玄武区龙蟠路9号兴隆大厦一层,必胜客（南京兴隆店）,4,32.090281,118.786664,[u'10:30/21:30'],649,4.9,0.6660802251935257,4.5713,0.97,5,4.9,比萨,200000155629131166,"肉香满满的火腿配上酸甜可口的菠萝，融入浓浓芝士，热力四射的夏威夷风情尽在口中。<br>主要原料:面团、芝士、火腿、菠萝

",48,夏威夷风光比萨,4.0,9,8,88
834854,南京市玄武区龙蟠路9号兴隆大厦一层,必胜客（南京兴隆店）,4,32.090281,118.786664,[u'10:30/21:30'],649,4.9,0.6660802251935257,4.5713,0.97,5,4.9,比萨,200000155766605214,"玉米、青椒、蘑菇、番茄、菠萝，蔬菜与水果的搭配，适合爱素食的您！<br>主要原料:面团、芝士、蔬菜

",6,田园风光比萨,3.33,3,2,66
834854,南京市玄武区龙蟠路9号兴隆大厦一层,必胜客（南京兴隆店）,4,32.090281,118.786664,[u'10:30/21:30'],649,4.9,0.6660802251935257,4.5713,0.97,5,4.9,铁盘比萨（普装）,200000166919657886,"普通装铁盘－""腊肉肠、香肠、火腿、牛肉，搭配菠萝、蘑菇、洋葱、青椒等蔬菜水果，如此丰盛馅料，口口都是令人满足的好滋味。<br>主要原料:面团、牛肉粒、猪肉粒、火腿、腊肉肠、芝士、蔬菜、菠萝、黑橄榄
""
",6,超级至尊比萨（普装）,4.5,2,2,100
834854,南京市玄武区龙蟠路9号兴隆大厦一层,必胜客（南京兴隆店）,4,32.090281,118.786664,[u'10:30/21:30'],649,4.9,0.6660802251935257,4.5713,0.97,5,4.9,芝心比萨,200000176486572446,"""特选鲜嫩的喷香鸭肉，搭配京味酱，再配以黄瓜、京葱等传统辅料，大胆将中式经典风味与西方经典美食比萨融合。<br>主要原料:面团、芝士、鸭肉、蔬菜

""
",1,北京潮鸭比萨（普装芝心）,0,0,0,0
834854,南京市玄武区龙蟠路9号兴隆大厦一层,必胜客（南京兴隆店）,4,32.090281,118.786664,[u'10:30/21:30'],649,4.9,0.6660802251935257,4.5713,0.97,5,4.9,芝心比萨,200000177674437022,"""腊肉肠、香肠、火腿、牛肉，搭配菠萝、蘑菇、洋葱、青椒等蔬菜水果，如此丰盛馅料，口口都是令人满足的好滋味。<br>主要原料:面团、牛肉粒、猪肉粒、火腿、腊肉肠、芝士、蔬菜、菠萝、黑橄榄
""
",57,超级至尊比萨（普装芝心）,4.15,13,13,100
834854,南京市玄武区龙蟠路9号兴隆大厦一层,必胜客（南京兴隆店）,4,32.090281,118.786664,[u'10:30/21:30'],649,4.9,0.6660802251935257,4.5713,0.97,5,4.9,芝心比萨,200000183690983838,"""腊肉肠、莫扎里拉芝士。<br>主要原料:面团、芝士、腊肉肠
""
",0,美式精选比萨（普装芝心）,0,0,0,0
1159205,南京市栖霞区华电路1号,必胜客宅急送（南京华电店）,9,32.10177321,118.81269958,[u'10:00/21:55'],629,5,0.7885375494071146,4.69373,1,5,5,纯珍普装比萨,200000183800135283,"意大利进口黑松露酱与鲜美菌菇和鸡腿肉巧妙融合，再铺上大片珍贵野生黑松露片，满口鲜香。
,主要原料：面团、芝士、混合菌菇，黑松露片，黑松露油，鸡腿肉。",0,野生黑松露菌菇鸡肉比萨[纯珍][普通装],0,0,0,0
1159205,南京市栖霞区华电路1号,必胜客宅急送（南京华电店）,9,32.10177321,118.81269958,[u'10:00/21:55'],629,5,0.7885375494071146,4.69373,1,5,5,纯珍普装比萨,200000183800125043,野生黑松露菌菇鸡肉拼超级至尊比萨 ：一半是野生黑松露菌菇鸡肉铁盘比萨，一半是超级至尊铁盘比萨。主要原料:面饼、芝士、蔬菜、鸡肉、黑松露味调味油、黑松露酱、黑松露片、牛肉粒、猪肉粒、火腿、腊肉肠、菠萝、黑橄榄。,0,黑松露拼超级至尊[纯珍][普通装],0,0,0,0
1159205,南京市栖霞区华电路1号,必胜客宅急送（南京华电店）,9,32.10177321,118.81269958,[u'10:00/21:55'],629,5,0.7885375494071146,4.69373,1,5,5,纯珍普装比萨,200000164725653107,臻选蒲烧鳗鱼、日式牛肉菌菇、天妇罗大虾和照烧鸡肉，一次尽享四重和风盛宴。主要原料:面团、芝士、烤鳗、照烧鸡肉、天妇罗虾、牛肉、青红椒、玉米粒、白芝麻、海苔条、京葱、菌菇,0,臻选和风四拼比萨[纯珍][普通装],0,0,0,0
1159205,南京市栖霞区华电路1号,必胜客宅急送（南京华电店）,9,32.10177321,118.81269958,[u'10:00/21:55'],629,5,0.7885375494071146,4.69373,1,5,5,纯珍普装比萨,200000164725700211,精选超级至尊、海鲜至尊、美式腊肉肠、夏威夷风光，一次尽享四重经典美味。主要原料:面团、芝士、虾、鱿鱼、蟹肉块、火腿、腊肉肠、牛肉粒、猪肉粒、菠萝、番茄、青圆椒、洋葱、蘑菇、黑橄榄,0,美式至尊四拼比萨[纯珍][普通装],0,0,0,0
1159205,南京市栖霞区华电路1号,必胜客宅急送（南京华电店）,9,32.10177321,118.81269958,[u'10:00/21:55'],629,5,0.7885375494071146,4.69373,1,5,5,纯珍普装比萨,200000164722042483,融合潮流人气美味：香烤劲牛/北京潮鸭/美式精选/夏威夷/让您一次品尝四种口味。主要原料：面团、芝士、牛肉、火腿、腊肉肠、烧鸭切片、青椒、洋葱、蘑菇、菠萝、黄瓜、京葱、小米椒、干酪。,0,中西融合四拼比萨[纯珍][普通装],0,0,0,0
1159205,南京市栖霞区华电路1号,必胜客宅急送（南京华电店）,9,32.10177321,118.81269958,[u'10:00/21:55'],629,5,0.7885375494071146,4.69373,1,5,5,纯珍普装比萨,200000100617917043,"腊肉肠、意式香肠、火腿、五香牛肉、五香猪肉、搭配菠萝、蘑菇、洋葱、青椒、黑橄榄等蔬菜水果，如此丰盛馅料，口口都是令人满足的好滋味。,主要原料:面团、牛肉粒、猪肉粒、火腿、腊肉肠、芝士、蔬菜、菠萝、黑橄榄",0,超级至尊比萨[纯珍][普通装],0,0,0,0
1159205,南京市栖霞区华电路1号,必胜客宅急送（南京华电店）,9,32.10177321,118.81269958,[u'10:00/21:55'],629,5,0.7885375494071146,4.69373,1,5,5,纯珍普装比萨,200000100612658803,"大虾、蟹柳等丰富海鲜美味荟萃，配上酸甜菠萝和青椒，海鲜美味扑面而来。,主要原料:面团、芝士、虾、鱿鱼、章鱼、蟹柳块、青椒、菠萝",0,海鲜至尊比萨[纯珍][普通装],0,0,0,0
1159205,南京市栖霞区华电路1号,必胜客宅急送（南京华电店）,9,32.10177321,118.81269958,[u'10:00/21:55'],629,5,0.7885375494071146,4.69373,1,5,5,纯珍普装比萨,200000100622732915,"选用进口金枕榴莲，搭配香浓芝士，烘烤后的榴莲和芝士完美结合，香气扑鼻，口味浓郁，带给你纯纯的东南亚风情！,主要原料:面团、金枕榴莲、芝士",0,榴莲多多（芝爱）比萨[纯珍][普通装],0,0,0,0
1159205,南京市栖霞区华电路1号,必胜客宅急送（南京华电店）,9,32.10177321,118.81269958,[u'10:00/21:55'],629,5,0.7885375494071146,4.69373,1,5,5,纯珍普装比萨,200000100622645875,"肉香满满的火腿配上酸甜可口的菠萝，融入浓浓芝士，热力四射的夏威夷风情尽在口中。,主要原料:面团、芝士、火腿、菠萝",0,夏威夷风光比萨[纯珍][普通装],0,0,0,0
1159205,南京市栖霞区华电路1号,必胜客宅急送（南京华电店）,9,32.10177321,118.81269958,[u'10:00/21:55'],629,5,0.7885375494071146,4.69373,1,5,5,纯珍普装比萨,200000100612879987,"特选鲜嫩喷香鸭肉，搭配京味酱，配以黄瓜，京葱等传统辅料，大胆融合中西方经典美味。,主要原料:面团、芝士、鸭肉、蔬菜",0,北京潮鸭比萨[纯珍][普通装],0,0,0,0
1159205,南京市栖霞区华电路1号,必胜客宅急送（南京华电店）,9,32.10177321,118.81269958,[u'10:00/21:55'],629,5,0.7885375494071146,4.69373,1,5,5,纯珍普装比萨,200000100622709363,"经秘制酱料喷香翻炒而成的鸡腿肉，鲜 嫩无比，再佐以浓郁的比萨酱，融合香浓芝士，搭配青红椒等，喷香美味无法挡！,主要原料:面饼、芝士、蔬菜、鸡肉",0,秘制喷香烤鸡肉比萨[纯珍][普通装],0,0,0,0
1159205,南京市栖霞区华电路1号,必胜客宅急送（南京华电店）,9,32.10177321,118.81269958,[u'10:00/21:55'],629,5,0.7885375494071146,4.69373,1,5,5,纯珍普装比萨,200000100612783731,"麻辣鲜香的川式灯影牛肉条，搭配以红油豆瓣、剁椒、酱油等调理的川香风味比萨酱，蘑菇、青椒、洋葱、樱桃番茄、玉米使之口味更加丰富。,主要原料:面团、芝士、牛肉、蔬菜",0,香烤劲牛比萨[纯珍][普通装],0,0,0,0
1159205,南京市栖霞区华电路1号,必胜客宅急送（南京华电店）,9,32.10177321,118.81269958,[u'10:00/21:55'],629,5,0.7885375494071146,4.69373,1,5,5,纯珍普装比萨,200000100622574195,"美味的牛肉和鸡肉烹制而成的肉酱，整体风味醇厚鲜香，再铺上BBQ香肠，肉香浓郁，美味绽放味蕾！,主要原料:面饼、肉酱、香肠、芝士、蔬菜",0,缤纷肉酱烤香肠比萨[纯珍][普通装],0,0,0,0
1159205,南京市栖霞区华电路1号,必胜客宅急送（南京华电店）,9,32.10177321,118.81269958,[u'10:00/21:55'],629,5,0.7885375494071146,4.69373,1,5,5,纯珍普装比萨,200000136064627315,"选自吸收满满阳光的美国进口薯角，弯弯的薯角搭配鲜香培根片，佐以口味适中的鸡蛋沙拉酱，随性画上美乃滋。,主要原料:面团、鸡蛋沙拉酱、芝士、薯角、培根",0,美式土豆培根比萨[纯珍][普通装],0,0,0,0
1159205,南京市栖霞区华电路1号,必胜客宅急送（南京华电店）,9,32.10177321,118.81269958,[u'10:00/21:55'],629,5,0.7885375494071146,4.69373,1,5,5,纯珍普装比萨,200000100627481203,"精选鲜香的腊肉肠、配以香浓的莫扎里拉乳酪，搭配出经典美味，值得细细品味。,主要原料:面团、芝士、腊肉肠",0,帕帕罗尼美式精选比萨[纯珍][普通装],0,0,0,0
1159205,南京市栖霞区华电路1号,必胜客宅急送（南京华电店）,9,32.10177321,118.81269958,[u'10:00/21:55'],629,5,0.7885375494071146,4.69373,1,5,5,纯珍普装比萨,200000100612817523,"玉米、青椒、蘑菇、番茄、菠萝，蔬菜和水果的搭配，适合爱素食的您！,主要原料:面团、芝士、蔬菜",0,田园风光比萨[纯珍][普通装],0,0,0,0
1159205,南京市栖霞区华电路1号,必胜客宅急送（南京华电店）,9,32.10177321,118.81269958,[u'10:00/21:55'],629,5,0.7885375494071146,4.69373,1,5,5,纯珍普装比萨,200000100622689907,"精选大片培根，匠心配搭番茄，蘑菇等，口感鲜香，一品难忘！,主要原料:面团、芝士、蔬菜、培根",0,鲜香培根比萨[纯珍][普通装],0,0,0,0
1159205,南京市栖霞区华电路1号,必胜客宅急送（南京华电店）,9,32.10177321,118.81269958,[u'10:00/21:55'],629,5,0.7885375494071146,4.69373,1,5,5,纯珍普装比萨,200000100622607987,"浓郁的新奥尔良鸡肉和鲜香培根，辅以金黄香浓的车打芝士酱和蘑菇等烤制，美味口中尽享。,主要原料:面团、芝士、鸡肉、培根、蔬菜",0,新奥尔良风情烤肉比萨[纯珍][普通装],0,0,0,0
1159205,南京市栖霞区华电路1号,必胜客宅急送（南京华电店）,9,32.10177321,118.81269958,[u'10:00/21:55'],629,5,0.7885375494071146,4.69373,1,5,5,纯珍普装比萨,200000182485842547,"海洋的饕餮馈赠，现在一口即尝到！选用香嫩扇贝柱和鱿鱼精心调制后，卷上大片培根，更有大虾、章鱼等丰盛海鲜美味，让您体验浓浓的意式风情。,主要原料:面团、芝士、虾、鱿鱼、章鱼、扇贝、蔬菜、菠萝",0,意式培根卷扇贝鱿鱼比萨[纯珍][普通装],0,0,0,0
1159205,南京市栖霞区华电路1号,必胜客宅急送（南京华电店）,9,32.10177321,118.81269958,[u'10:00/21:55'],629,5,0.7885375494071146,4.69373,1,5,5,纯珍大装比萨,200000164725705331,臻选蒲烧鳗鱼、日式牛肉菌菇、天妇罗大虾和照烧鸡肉，一次尽享四重和风盛宴。主要原料:面团、芝士、烤鳗、照烧鸡肉、天妇罗虾、牛肉、青红椒、玉米粒、白芝麻、海苔条、京葱、菌菇,0,臻选和风四拼比萨[纯珍][大装],0,0,0,0
1159205,南京市栖霞区华电路1号,必胜客宅急送（南京华电店）,9,32.10177321,118.81269958,[u'10:00/21:55'],629,5,0.7885375494071146,4.69373,1,5,5,纯珍大装比萨,200000100622801523,"选用进口金枕榴莲，搭配香浓芝士，烘烤后的榴莲和芝士完美结合，香气扑鼻，口味浓郁，带给你纯纯的东南亚风情！,主要原料:面团、金枕榴莲、芝士",0,榴莲多多（芝爱）比萨[纯珍][大装],0,0,0,0
1159205,南京市栖霞区华电路1号,必胜客宅急送（南京华电店）,9,32.10177321,118.81269958,[u'10:00/21:55'],629,5,0.7885375494071146,4.69373,1,5,5,纯珍大装比萨,200000164725647987,精选超级至尊、海鲜至尊、美式腊肉肠、夏威夷风光，一次尽享四重经典美味。主要原料:面团、芝士、虾、鱿鱼、蟹肉块、火腿、腊肉肠、牛肉粒、猪肉粒、菠萝、番茄、青圆椒、洋葱、蘑菇、黑橄榄,0,美式至尊四拼比萨[纯珍][大装],0,0,0,0
1159205,南京市栖霞区华电路1号,必胜客宅急送（南京华电店）,9,32.10177321,118.81269958,[u'10:00/21:55'],629,5,0.7885375494071146,4.69373,1,5,5,纯珍大装比萨,200000164722073203,融合潮流人气美味：香烤劲牛/北京潮鸭/美式精选/夏威夷/让您一次品尝四种口味。主要原料：面团、芝士、牛肉、火腿、腊肉肠、烧鸭切片、青椒、洋葱、蘑菇、菠萝、黄瓜、京葱、小米椒、干酪。,0,中西融合四拼比萨[纯珍][大装],0,0,0,0
1159205,南京市栖霞区华电路1号,必胜客宅急送（南京华电店）,9,32.10177321,118.81269958,[u'10:00/21:55'],629,5,0.7885375494071146,4.69373,1,5,5,纯珍大装比萨,200000100622572147,"腊肉肠、意式香肠、火腿、五香牛肉、五香猪肉、搭配菠萝、蘑菇、洋葱、青椒、黑橄榄等蔬菜水果，如此丰盛馅料，口口都是令人满足的好滋味。,主要原料:面团、牛肉粒、猪肉粒、火腿、腊肉肠、芝士、蔬菜、菠萝、黑橄榄",0,超级至尊比萨[纯珍][大装],0,0,0,0
1159205,南京市栖霞区华电路1号,必胜客宅急送（南京华电店）,9,32.10177321,118.81269958,[u'10:00/21:55'],629,5,0.7885375494071146,4.69373,1,5,5,纯珍大装比萨,200000100617870963,"大虾、蟹柳等丰富海鲜美味荟萃，配上酸甜菠萝和青椒，海鲜美味扑面而来。,主要原料:面团、芝士、虾、鱿鱼、章鱼、蟹柳块、青椒、菠萝",0,海鲜至尊比萨[纯珍][大装],0,0,0,0
1159205,南京市栖霞区华电路1号,必胜客宅急送（南京华电店）,9,32.10177321,118.81269958,[u'10:00/21:55'],629,5,0.7885375494071146,4.69373,1,5,5,纯珍大装比萨,200000100611943027,"肉香满满的火腿配上酸甜可口的菠萝，融入浓浓芝士，热力四射的夏威夷风情尽在口中。,主要原料:面团、芝士、火腿、菠萝",0,夏威夷风光比萨[纯珍][大装],0,0,0,0
1159205,南京市栖霞区华电路1号,必胜客宅急送（南京华电店）,9,32.10177321,118.81269958,[u'10:00/21:55'],629,5,0.7885375494071146,4.69373,1,5,5,纯珍大装比萨,200000100612072051,"特选鲜嫩喷香鸭肉，搭配京味酱，配以黄瓜，京葱等传统辅料，大胆融合中西方经典美味。,主要原料:面团、芝士、鸭肉、蔬菜",0,北京潮鸭比萨[纯珍][大装],0,0,0,0
1159205,南京市栖霞区华电路1号,必胜客宅急送（南京华电店）,9,32.10177321,118.81269958,[u'10:00/21:55'],629,5,0.7885375494071146,4.69373,1,5,5,纯珍大装比萨,200000100618062451,"美味的牛肉和鸡肉烹制而成的肉酱，整体风味醇厚鲜香，再铺上BBQ香肠，肉香浓郁，美味绽放味蕾！,主要原料:面饼、肉酱、香肠、芝士、蔬菜",0,缤纷肉酱烤香肠比萨[纯珍][大装],0,0,0,0
1159205,南京市栖霞区华电路1号,必胜客宅急送（南京华电店）,9,32.10177321,118.81269958,[u'10:00/21:55'],629,5,0.7885375494071146,4.69373,1,5,5,纯珍大装比萨,200000100611978867,"经秘制酱料喷香翻炒而成的鸡腿肉，鲜 嫩无比，再佐以浓郁的比萨酱，融合香浓芝士，搭配青红椒等，喷香美味无法挡！,主要原料:面饼、芝士、蔬菜、鸡肉",1,秘制喷香烤鸡肉比萨[纯珍][大装],0,0,0,0
1159205,南京市栖霞区华电路1号,必胜客宅急送（南京华电店）,9,32.10177321,118.81269958,[u'10:00/21:55'],629,5,0.7885375494071146,4.69373,1,5,5,纯珍大装比萨,200000100612729459,"麻辣鲜香的川式灯影牛肉条，搭配以红油豆瓣、剁椒、酱油等调理的川香风味比萨酱，蘑菇、青椒、洋葱、樱桃番茄、玉米使之口味更加丰富。,主要原料:面团、芝士、牛肉、蔬菜",0,香烤劲牛比萨[纯珍][大装],0,0,0,0
1159205,南京市栖霞区华电路1号,必胜客宅急送（南京华电店）,9,32.10177321,118.81269958,[u'10:00/21:55'],629,5,0.7885375494071146,4.69373,1,5,5,纯珍大装比萨,200000136052046451,"选自吸收满满阳光的美国进口薯角，弯弯的薯角搭配鲜香培根片，佐以口味适中的鸡蛋沙拉酱，随性画上美乃滋。,主要原料:面团、鸡蛋沙拉酱、芝士、薯角、培根",0,美式土豆培根比萨[纯珍][大装],0,0,0,0
1159205,南京市栖霞区华电路1号,必胜客宅急送（南京华电店）,9,32.10177321,118.81269958,[u'10:00/21:55'],629,5,0.7885375494071146,4.69373,1,5,5,纯珍大装比萨,200000100612750963,"精选鲜香的腊肉肠、配以香浓的莫扎里拉乳酪，搭配出经典美味，值得细细品味。,主要原料:面团、芝士、腊肉肠",0,帕帕罗尼美式精选比萨[纯珍][大装],0,0,0,0
1159205,南京市栖霞区华电路1号,必胜客宅急送（南京华电店）,9,32.10177321,118.81269958,[u'10:00/21:55'],629,5,0.7885375494071146,4.69373,1,5,5,纯珍大装比萨,200000100612888179,"玉米、青椒、蘑菇、番茄、菠萝，蔬菜和水果的搭配，适合爱素食的您！,主要原料:面团、芝士、蔬菜",0,田园风光比萨[纯珍][大装],0,0,0,0
1159205,南京市栖霞区华电路1号,必胜客宅急送（南京华电店）,9,32.10177321,118.81269958,[u'10:00/21:55'],629,5,0.7885375494071146,4.69373,1,5,5,纯珍大装比萨,200000100612029043,"精选大片培根，匠心配搭番茄，蘑菇等，口感鲜香，一品难忘！,主要原料:面团、芝士、蔬菜、培根",0,鲜香培根比萨[纯珍][大装],0,0,0,0
1159205,南京市栖霞区华电路1号,必胜客宅急送（南京华电店）,9,32.10177321,118.81269958,[u'10:00/21:55'],629,5,0.7885375494071146,4.69373,1,5,5,纯珍大装比萨,200000100618061427,"浓郁的新奥尔良鸡肉和鲜香培根，辅以金黄香浓的车打芝士酱和蘑菇等烤制，美味口中尽享。,主要原料:面团、芝士、鸡肉、培根、蔬菜",0,新奥尔良风情烤肉比萨[纯珍][大装],0,0,0,0
1159205,南京市栖霞区华电路1号,必胜客宅急送（南京华电店）,9,32.10177321,118.81269958,[u'10:00/21:55'],629,5,0.7885375494071146,4.69373,1,5,5,纯珍大装比萨,200000182493993587,"海洋的饕餮馈赠，现在一口即尝到！选用香嫩扇贝柱和鱿鱼精心调制后，卷上大片培根，更有大虾、章鱼等丰盛海鲜美味，让您体验浓浓的意式风情。,主要原料:面团、芝士、虾、鱿鱼、章鱼、扇贝、蔬菜、菠萝",0,意式培根卷扇贝鱿鱼比萨[纯珍][大装],0,0,0,0
1159205,南京市栖霞区华电路1号,必胜客宅急送（南京华电店）,9,32.10177321,118.81269958,[u'10:00/21:55'],629,5,0.7885375494071146,4.69373,1,5,5,纯珍小装比萨,200000100622642803,"腊肉肠、意式香肠、火腿、五香牛肉、五香猪肉、搭配菠萝、蘑菇、洋葱、青椒、黑橄榄等蔬菜水果，如此丰盛馅料，口口都是令人满足的好滋味。,主要原料:面团、牛肉粒、猪肉粒、火腿、腊肉肠、芝士、蔬菜、菠萝、黑橄榄",0,超级至尊比萨[纯珍][小装],0,0,0,0
1159205,南京市栖霞区华电路1号,必胜客宅急送（南京华电店）,9,32.10177321,118.81269958,[u'10:00/21:55'],629,5,0.7885375494071146,4.69373,1,5,5,纯珍小装比萨,200000100622882419,"大虾、蟹柳等丰富海鲜美味荟萃，配上酸甜菠萝和青椒，海鲜美味扑面而来。,主要原料:面团、芝士、虾、鱿鱼、章鱼、蟹柳块、青椒、菠萝",0,海鲜至尊比萨[纯珍][小装],0,0,0,0
1159205,南京市栖霞区华电路1号,必胜客宅急送（南京华电店）,9,32.10177321,118.81269958,[u'10:00/21:55'],629,5,0.7885375494071146,4.69373,1,5,5,纯珍小装比萨,200000100612798067,"选用进口金枕榴莲，搭配香浓芝士，烘烤后的榴莲和芝士完美结合，香气扑鼻，口味浓郁，带给你纯纯的东南亚风情！,主要原料:面团、金枕榴莲、芝士",0,榴莲多多（芝爱）比萨[纯珍][小装],0,0,0,0
1159205,南京市栖霞区华电路1号,必胜客宅急送（南京华电店）,9,32.10177321,118.81269958,[u'10:00/21:55'],629,5,0.7885375494071146,4.69373,1,5,5,纯珍小装比萨,200000100617968243,"肉香满满的火腿配上酸甜可口的菠萝，融入浓浓芝士，热力四射的夏威夷风情尽在口中。,主要原料:面团、芝士、火腿、菠萝",0,夏威夷风光比萨[纯珍][小装],0,0,0,0
1159205,南京市栖霞区华电路1号,必胜客宅急送（南京华电店）,9,32.10177321,118.81269958,[u'10:00/21:55'],629,5,0.7885375494071146,4.69373,1,5,5,纯珍小装比萨,200000100612843123,"特选鲜嫩喷香鸭肉，搭配京味酱，配以黄瓜，京葱等传统辅料，大胆融合中西方经典美味。,主要原料:面团、芝士、鸭肉、蔬菜",0,北京潮鸭比萨[纯珍][小装],0,0,0,0
1159205,南京市栖霞区华电路1号,必胜客宅急送（南京华电店）,9,32.10177321,118.81269958,[u'10:00/21:55'],629,5,0.7885375494071146,4.69373,1,5,5,纯珍小装比萨,200000100627505779,"麻辣鲜香的川式灯影牛肉条，搭配以红油豆瓣、剁椒、酱油等调理的川香风味比萨酱，蘑菇、青椒、洋葱、樱桃番茄、玉米使之口味更加丰富。,主要原料:面团、芝士、牛肉、蔬菜",1,香烤劲牛比萨[纯珍][小装],0,0,0,0
1159205,南京市栖霞区华电路1号,必胜客宅急送（南京华电店）,9,32.10177321,118.81269958,[u'10:00/21:55'],629,5,0.7885375494071146,4.69373,1,5,5,纯珍小装比萨,200000136056984179,"选自吸收满满阳光的美国进口薯角，弯弯的薯角搭配鲜香培根片，佐以口味适中的鸡蛋沙拉酱，随性画上美乃滋。,主要原料:面团、鸡蛋沙拉酱、芝士、薯角、培根",0,美式土豆培根比萨[纯珍][小装],0,0,0,0
1159205,南京市栖霞区华电路1号,必胜客宅急送（南京华电店）,9,32.10177321,118.81269958,[u'10:00/21:55'],629,5,0.7885375494071146,4.69373,1,5,5,纯珍小装比萨,200000100612886131,"精选大片培根，匠心配搭番茄，蘑菇等，口感鲜香，一品难忘！,主要原料:面团、芝士、蔬菜、培根",0,鲜香培根比萨[纯珍][小装],0,0,0,0
1159205,南京市栖霞区华电路1号,必胜客宅急送（南京华电店）,9,32.10177321,118.81269958,[u'10:00/21:55'],629,5,0.7885375494071146,4.69373,1,5,5,纯珍小装比萨,200000100612868723,"经秘制酱料喷香翻炒而成的鸡腿肉，鲜 嫩无比，再佐以浓郁的比萨酱，融合香浓芝士，搭配青红椒等，喷香美味无法挡！,主要原料:面饼、芝士、蔬菜、鸡肉",0,秘制喷香烤鸡肉比萨[纯珍][小装],0,0,0,0
1159205,南京市栖霞区华电路1号,必胜客宅急送（南京华电店）,9,32.10177321,118.81269958,[u'10:00/21:55'],629,5,0.7885375494071146,4.69373,1,5,5,纯珍小装比萨,200000100627537523,"精选鲜香的腊肉肠、配以香浓的莫扎里拉乳酪，搭配出经典美味，值得细细品味。,主要原料:面团、芝士、腊肉肠",0,帕帕罗尼美式精选比萨[纯珍][小装],0,0,0,0
1159205,南京市栖霞区华电路1号,必胜客宅急送（南京华电店）,9,32.10177321,118.81269958,[u'10:00/21:55'],629,5,0.7885375494071146,4.69373,1,5,5,纯珍小装比萨,200000100622657139,"浓郁的新奥尔良鸡肉和鲜香培根，辅以金黄香浓的车打芝士酱和蘑菇等烤制，美味口中尽享。,主要原料:面团、芝士、鸡肉、培根、蔬菜",0,新奥尔良风情烤肉比萨[纯珍][小装],0,0,0,0
1159205,南京市栖霞区华电路1号,必胜客宅急送（南京华电店）,9,32.10177321,118.81269958,[u'10:00/21:55'],629,5,0.7885375494071146,4.69373,1,5,5,纯珍小装比萨,200000100622725747,"玉米、青椒、蘑菇、番茄、菠萝，蔬菜和水果的搭配，适合爱素食的您！,主要原料:面团、芝士、蔬菜",0,田园风光比萨[纯珍][小装],0,0,0,0
1159205,南京市栖霞区华电路1号,必胜客宅急送（南京华电店）,9,32.10177321,118.81269958,[u'10:00/21:55'],629,5,0.7885375494071146,4.69373,1,5,5,纯珍小装比萨,200000100617839219,"美味的牛肉和鸡肉烹制而成的肉酱，整体风味醇厚鲜香，再铺上BBQ香肠，肉香浓郁，美味绽放味蕾！,主要原料:面饼、肉酱、香肠、芝士、蔬菜",0,缤纷肉酱烤香肠比萨[纯珍][小装],0,0,0,0
1159205,南京市栖霞区华电路1号,必胜客宅急送（南京华电店）,9,32.10177321,118.81269958,[u'10:00/21:55'],629,5,0.7885375494071146,4.69373,1,5,5,纯珍小装比萨,200000182497898099,"海洋的饕餮馈赠，现在一口即尝到！选用香嫩扇贝柱和鱿鱼精心调制后，卷上大片培根，更有大虾、章鱼等丰盛海鲜美味，让您体验浓浓的意式风情。,主要原料:面团、芝士、虾、鱿鱼、章鱼、扇贝、蔬菜、菠萝",0,意式培根卷扇贝鱿鱼比萨[纯珍][小装],0,0,0,0
1159205,南京市栖霞区华电路1号,必胜客宅急送（南京华电店）,9,32.10177321,118.81269958,[u'10:00/21:55'],629,5,0.7885375494071146,4.69373,1,5,5,芝心芝普装比萨,200000183790545523,"意大利进口黑松露酱与鲜美菌菇和鸡腿肉巧妙融合，再铺上大片珍贵野生黑松露片，满口鲜香。
,主要原料：面团、芝士、混合菌菇，黑松露片，黑松露油，鸡腿肉。",0,野生黑松露菌菇鸡肉比萨[芝心][芝普装],0,0,0,0
1159205,南京市栖霞区华电路1号,必胜客宅急送（南京华电店）,9,32.10177321,118.81269958,[u'10:00/21:55'],629,5,0.7885375494071146,4.69373,1,5,5,芝心芝普装比萨,200000164717711987,臻选蒲烧鳗鱼、日式牛肉菌菇、天妇罗大虾和照烧鸡肉，一次尽享四重和风盛宴。主要原料:面团、芝士、烤鳗、照烧鸡肉、天妇罗虾、牛肉、青红椒、玉米粒、白芝麻、海苔条、京葱、菌菇,1,臻选和风四拼比萨[芝心][芝普装],0,0,0,0
1159205,南京市栖霞区华电路1号,必胜客宅急送（南京华电店）,9,32.10177321,118.81269958,[u'10:00/21:55'],629,5,0.7885375494071146,4.69373,1,5,5,芝心芝普装比萨,200000164730412659,融合潮流人气美味：香烤劲牛/北京潮鸭/美式精选/夏威夷/让您一次品尝四种口味。主要原料：面团、芝士、牛肉、火腿、腊肉肠、烧鸭切片、青椒、洋葱、蘑菇、菠萝、黄瓜、京葱、小米椒、干酪。,0,中西融合四拼比萨[芝心][芝普装],0,0,0,0
1159205,南京市栖霞区华电路1号,必胜客宅急送（南京华电店）,9,32.10177321,118.81269958,[u'10:00/21:55'],629,5,0.7885375494071146,4.69373,1,5,5,芝心芝普装比萨,200000164722022003,精选超级至尊、海鲜至尊、美式腊肉肠、夏威夷风光，一次尽享四重经典美味。主要原料:面团、芝士、虾、鱿鱼、蟹肉块、火腿、腊肉肠、牛肉粒、猪肉粒、菠萝、番茄、青圆椒、洋葱、蘑菇、黑橄榄,0,美式至尊四拼比萨[芝心][芝普装],0,0,0,0
1159205,南京市栖霞区华电路1号,必胜客宅急送（南京华电店）,9,32.10177321,118.81269958,[u'10:00/21:55'],629,5,0.7885375494071146,4.69373,1,5,5,芝心芝普装比萨,200000100622561907,"腊肉肠、意式香肠、火腿、五香牛肉、五香猪肉、搭配菠萝、蘑菇、洋葱、青椒、黑橄榄等蔬菜水果，如此丰盛馅料，口口都是令人满足的好滋味。,主要原料:面团、牛肉粒、猪肉粒、火腿、腊肉肠、芝士、蔬菜、菠萝、黑橄榄",0,超级至尊比萨[芝心][芝普装],0,0,0,0
1159205,南京市栖霞区华电路1号,必胜客宅急送（南京华电店）,9,32.10177321,118.81269958,[u'10:00/21:55'],629,5,0.7885375494071146,4.69373,1,5,5,芝心芝普装比萨,200000100622582387,"选用进口金枕榴莲，搭配香浓芝士，烘烤后的榴莲和芝士完美结合，香气扑鼻，口味浓郁，带给你纯纯的东南亚风情！,主要原料:面团、金枕榴莲、芝士",0,榴莲多多（芝爱）比萨[芝心][芝普装],0,0,0,0
1159205,南京市栖霞区华电路1号,必胜客宅急送（南京华电店）,9,32.10177321,118.81269958,[u'10:00/21:55'],629,5,0.7885375494071146,4.69373,1,5,5,芝心芝普装比萨,200000100612831859,"大虾、蟹柳等丰富海鲜美味荟萃，配上酸甜菠萝和青椒，海鲜美味扑面而来。,主要原料:面团、芝士、虾、鱿鱼、章鱼、蟹柳块、青椒、菠萝",1,海鲜至尊比萨[芝心][芝普装],0,0,0,0
1159205,南京市栖霞区华电路1号,必胜客宅急送（南京华电店）,9,32.10177321,118.81269958,[u'10:00/21:55'],629,5,0.7885375494071146,4.69373,1,5,5,芝心芝普装比萨,200000100618037875,"浓郁的新奥尔良鸡肉和鲜香培根，辅以金黄香浓的车打芝士酱和蘑菇等烤制，美味口中尽享。,主要原料:面团、芝士、鸡肉、培根、蔬菜",0,新奥尔良风情烤肉比萨[芝心][芝普装],0,0,0,0
1159205,南京市栖霞区华电路1号,必胜客宅急送（南京华电店）,9,32.10177321,118.81269958,[u'10:00/21:55'],629,5,0.7885375494071146,4.69373,1,5,5,芝心芝普装比萨,200000100612009587,"肉香满满的火腿配上酸甜可口的菠萝，融入浓浓芝士，热力四射的夏威夷风情尽在口中。,主要原料:面团、芝士、火腿、菠萝",0,夏威夷风光比萨[芝心][芝普装],0,0,0,0
1159205,南京市栖霞区华电路1号,必胜客宅急送（南京华电店）,9,32.10177321,118.81269958,[u'10:00/21:55'],629,5,0.7885375494071146,4.69373,1,5,5,芝心芝普装比萨,200000100612705907,"精选鲜香的腊肉肠、配以香浓的莫扎里拉乳酪，搭配出经典美味，值得细细品味。,主要原料:面团、芝士、腊肉肠",0,帕帕罗尼美式精选比萨[芝心][芝普装],0,0,0,0
1159205,南京市栖霞区华电路1号,必胜客宅急送（南京华电店）,9,32.10177321,118.81269958,[u'10:00/21:55'],629,5,0.7885375494071146,4.69373,1,5,5,芝心芝普装比萨,200000100617911923,"美味的牛肉和鸡肉烹制而成的肉酱，整体风味醇厚鲜香，再铺上BBQ香肠，肉香浓郁，美味绽放味蕾！,主要原料:面饼、肉酱、香肠、芝士、蔬菜",1,缤纷肉酱烤香肠比萨[芝心][芝普装],0,0,0,0
1159205,南京市栖霞区华电路1号,必胜客宅急送（南京华电店）,9,32.10177321,118.81269958,[u'10:00/21:55'],629,5,0.7885375494071146,4.69373,1,5,5,芝心芝普装比萨,200000100622679667,"经秘制酱料喷香翻炒而成的鸡腿肉，鲜 嫩无比，再佐以浓郁的比萨酱，融合香浓芝士，搭配青红椒等，喷香美味无法挡！,主要原料:面饼、芝士、蔬菜、鸡肉",0,秘制喷香烤鸡肉比萨[芝心][芝普装],0,0,0,0
1159205,南京市栖霞区华电路1号,必胜客宅急送（南京华电店）,9,32.10177321,118.81269958,[u'10:00/21:55'],629,5,0.7885375494071146,4.69373,1,5,5,芝心芝普装比萨,200000100617945715,"麻辣鲜香的川式灯影牛肉条，搭配以红油豆瓣、剁椒、酱油等调理的川香风味比萨酱，蘑菇、青椒、洋葱、樱桃番茄、玉米使之口味更加丰富。,主要原料:面团、芝士、牛肉、蔬菜",0,香烤劲牛比萨[芝心][芝普装],0,0,0,0
1159205,南京市栖霞区华电路1号,必胜客宅急送（南京华电店）,9,32.10177321,118.81269958,[u'10:00/21:55'],629,5,0.7885375494071146,4.69373,1,5,5,芝心芝普装比萨,200000100612056691,"玉米、青椒、蘑菇、番茄、菠萝，蔬菜和水果的搭配，适合爱素食的您！,主要原料:面团、芝士、蔬菜",0,田园风光比萨[芝心][芝普装],0,0,0,0
1159205,南京市栖霞区华电路1号,必胜客宅急送（南京华电店）,9,32.10177321,118.81269958,[u'10:00/21:55'],629,5,0.7885375494071146,4.69373,1,5,5,芝心芝普装比萨,200000100612697715,"精选大片培根，匠心配搭番茄，蘑菇等，口感鲜香，一品难忘！,主要原料:面团、芝士、蔬菜、培根",0,鲜香培根比萨[芝心][芝普装],0,0,0,0
1159205,南京市栖霞区华电路1号,必胜客宅急送（南京华电店）,9,32.10177321,118.81269958,[u'10:00/21:55'],629,5,0.7885375494071146,4.69373,1,5,5,芝心芝普装比萨,200000136056974963,"选自吸收满满阳光的美国进口薯角，弯弯的薯角搭配鲜香培根片，佐以口味适中的鸡蛋沙拉酱，随性画上美乃滋。,主要原料:面团、鸡蛋沙拉酱、芝士、薯角、培根",0,美式土豆培根比萨[芝心][芝普装],0,0,0,0
1159205,南京市栖霞区华电路1号,必胜客宅急送（南京华电店）,9,32.10177321,118.81269958,[u'10:00/21:55'],629,5,0.7885375494071146,4.69373,1,5,5,芝心芝普装比萨,200000100622825075,"特选鲜嫩喷香鸭肉，搭配京味酱，配以黄瓜，京葱等传统辅料，大胆融合中西方经典美味。,主要原料:面团、芝士、鸭肉、蔬菜",0,北京潮鸭比萨[芝心][芝普装],0,0,0,0
1159205,南京市栖霞区华电路1号,必胜客宅急送（南京华电店）,9,32.10177321,118.81269958,[u'10:00/21:55'],629,5,0.7885375494071146,4.69373,1,5,5,芝心芝普装比萨,200000182485831283,"海洋的饕餮馈赠，现在一口即尝到！选用香嫩扇贝柱和鱿鱼精心调制后，卷上大片培根，更有大虾、章鱼等丰盛海鲜美味，让您体验浓浓的意式风情。,主要原料:面团、芝士、虾、鱿鱼、章鱼、扇贝、蔬菜、菠萝",0,意式培根卷扇贝鱿鱼比萨[芝心][芝普装],0,0,0,0
1159205,南京市栖霞区华电路1号,必胜客宅急送（南京华电店）,9,32.10177321,118.81269958,[u'10:00/21:55'],629,5,0.7885375494071146,4.69373,1,5,5,厚享普装比萨,200000183790531187,"意大利进口黑松露酱与鲜美菌菇和鸡腿肉巧妙融合，再铺上大片珍贵野生黑松露片，满口鲜香。
,主要原料：面团、芝士、混合菌菇，黑松露片，黑松露油，鸡腿肉。",0,野生黑松露菌菇鸡肉比萨[厚享][普通装],0,0,0,0
1159205,南京市栖霞区华电路1号,必胜客宅急送（南京华电店）,9,32.10177321,118.81269958,[u'10:00/21:55'],629,5,0.7885375494071146,4.69373,1,5,5,厚享普装比萨,200000183790525043,野生黑松露菌菇鸡肉拼超级至尊比萨 ：一半是野生黑松露菌菇鸡肉铁盘比萨，一半是超级至尊铁盘比萨。主要原料:面饼、芝士、蔬菜、鸡肉、黑松露味调味油、黑松露酱、黑松露片、牛肉粒、猪肉粒、火腿、腊肉肠、菠萝、黑橄榄。,0,黑松露拼超级至尊[厚享][普通装],0,0,0,0
1159205,南京市栖霞区华电路1号,必胜客宅急送（南京华电店）,9,32.10177321,118.81269958,[u'10:00/21:55'],629,5,0.7885375494071146,4.69373,1,5,5,厚享普装比萨,200000164722041459,臻选蒲烧鳗鱼、日式牛肉菌菇、天妇罗大虾和照烧鸡肉，一次尽享四重和风盛宴。主要原料:面团、芝士、烤鳗、照烧鸡肉、天妇罗虾、牛肉、青红椒、玉米粒、白芝麻、海苔条、京葱、菌菇,0,臻选和风四拼比萨[厚享][普通装],0,0,0,0
1159205,南京市栖霞区华电路1号,必胜客宅急送（南京华电店）,9,32.10177321,118.81269958,[u'10:00/21:55'],629,5,0.7885375494071146,4.69373,1,5,5,厚享普装比萨,200000164730443379,精选超级至尊、海鲜至尊、美式腊肉肠、夏威夷风光，一次尽享四重经典美味。主要原料:面团、芝士、虾、鱿鱼、蟹肉块、火腿、腊肉肠、牛肉粒、猪肉粒、菠萝、番茄、青圆椒、洋葱、蘑菇、黑橄榄,0,美式至尊四拼比萨[厚享][普通装],0,0,0,0
1159205,南京市栖霞区华电路1号,必胜客宅急送（南京华电店）,9,32.10177321,118.81269958,[u'10:00/21:55'],629,5,0.7885375494071146,4.69373,1,5,5,厚享普装比萨,200000164730455667,融合潮流人气美味：香烤劲牛/北京潮鸭/美式精选/夏威夷/让您一次品尝四种口味。主要原料：面团、芝士、牛肉、火腿、腊肉肠、烧鸭切片、青椒、洋葱、蘑菇、菠萝、黄瓜、京葱、小米椒、干酪。,0,中西融合四拼比萨[厚享][普通装],0,0,0,0
1159205,南京市栖霞区华电路1号,必胜客宅急送（南京华电店）,9,32.10177321,118.81269958,[u'10:00/21:55'],629,5,0.7885375494071146,4.69373,1,5,5,厚享普装比萨,200000100627568243,"腊肉肠、意式香肠、火腿、五香牛肉、五香猪肉、搭配菠萝、蘑菇、洋葱、青椒、黑橄榄等蔬菜水果，如此丰盛馅料，口口都是令人满足的好滋味。,主要原料:面团、牛肉粒、猪肉粒、火腿、腊肉肠、芝士、蔬菜、菠萝、黑橄榄",0,超级至尊比萨[厚享][普通装],0,0,0,0
1159205,南京市栖霞区华电路1号,必胜客宅急送（南京华电店）,9,32.10177321,118.81269958,[u'10:00/21:55'],629,5,0.7885375494071146,4.69373,1,5,5,厚享普装比萨,200000100622604915,"大虾、蟹柳等丰富海鲜美味荟萃，配上酸甜菠萝和青椒，海鲜美味扑面而来。,主要原料:面团、芝士、虾、鱿鱼、章鱼、蟹柳块、青椒、菠萝",0,海鲜至尊比萨[厚享][普通装],0,0,0,0
1159205,南京市栖霞区华电路1号,必胜客宅急送（南京华电店）,9,32.10177321,118.81269958,[u'10:00/21:55'],629,5,0.7885375494071146,4.69373,1,5,5,厚享普装比萨,200000100622727795,"选用进口金枕榴莲，搭配香浓芝士，烘烤后的榴莲和芝士完美结合，香气扑鼻，口味浓郁，带给你纯纯的东南亚风情！,主要原料:面团、金枕榴莲、芝士",0,榴莲多多（芝爱）比萨[厚享][普通装],0,0,0,0
1159205,南京市栖霞区华电路1号,必胜客宅急送（南京华电店）,9,32.10177321,118.81269958,[u'10:00/21:55'],629,5,0.7885375494071146,4.69373,1,5,5,厚享普装比萨,200000100627581555,"肉香满满的火腿配上酸甜可口的菠萝，融入浓浓芝士，热力四射的夏威夷风情尽在口中。,主要原料:面团、芝士、火腿、菠萝",0,夏威夷风光比萨[厚享][普通装],0,0,0,0
1159205,南京市栖霞区华电路1号,必胜客宅急送（南京华电店）,9,32.10177321,118.81269958,[u'10:00/21:55'],629,5,0.7885375494071146,4.69373,1,5,5,厚享普装比萨,200000100612804211,"特选鲜嫩喷香鸭肉，搭配京味酱，配以黄瓜，京葱等传统辅料，大胆融合中西方经典美味。,主要原料:面团、芝士、鸭肉、蔬菜",0,北京潮鸭比萨[厚享][普通装],0,0,0,0
1159205,南京市栖霞区华电路1号,必胜客宅急送（南京华电店）,9,32.10177321,118.81269958,[u'10:00/21:55'],629,5,0.7885375494071146,4.69373,1,5,5,厚享普装比萨,200000100622866035,"麻辣鲜香的川式灯影牛肉条，搭配以红油豆瓣、剁椒、酱油等调理的川香风味比萨酱，蘑菇、青椒、洋葱、樱桃番茄、玉米使之口味更加丰富。,主要原料:面团、芝士、牛肉、蔬菜",0,香烤劲牛比萨[厚享][普通装],0,0,0,0
1159205,南京市栖霞区华电路1号,必胜客宅急送（南京华电店）,9,32.10177321,118.81269958,[u'10:00/21:55'],629,5,0.7885375494071146,4.69373,1,5,5,厚享普装比萨,200000136052041331,"选自吸收满满阳光的美国进口薯角，弯弯的薯角搭配鲜香培根片，佐以口味适中的鸡蛋沙拉酱，随性画上美乃滋。,主要原料:面团、鸡蛋沙拉酱、芝士、薯角、培根",0,美式土豆培根比萨[厚享][普通装],0,0,0,0
1159205,南京市栖霞区华电路1号,必胜客宅急送（南京华电店）,9,32.10177321,118.81269958,[u'10:00/21:55'],629,5,0.7885375494071146,4.69373,1,5,5,厚享普装比萨,200000100618031731,"美味的牛肉和鸡肉烹制而成的肉酱，整体风味醇厚鲜香，再铺上BBQ香肠，肉香浓郁，美味绽放味蕾！,主要原料:面饼、肉酱、香肠、芝士、蔬菜",0,缤纷肉酱烤香肠比萨[厚享][普通装],0,0,0,0
1159205,南京市栖霞区华电路1号,必胜客宅急送（南京华电店）,9,32.10177321,118.81269958,[u'10:00/21:55'],629,5,0.7885375494071146,4.69373,1,5,5,厚享普装比萨,200000100612678259,"精选鲜香的腊肉肠、配以香浓的莫扎里拉乳酪，搭配出经典美味，值得细细品味。,主要原料:面团、芝士、腊肉肠",0,帕帕罗尼美式精选比萨[厚享][普通装],0,0,0,0
1159205,南京市栖霞区华电路1号,必胜客宅急送（南京华电店）,9,32.10177321,118.81269958,[u'10:00/21:55'],629,5,0.7885375494071146,4.69373,1,5,5,厚享普装比萨,200000100612889203,"玉米、青椒、蘑菇、番茄、菠萝，蔬菜和水果的搭配，适合爱素食的您！,主要原料:面团、芝士、蔬菜",0,田园风光比萨[厚享][普通装],0,0,0,0
1159205,南京市栖霞区华电路1号,必胜客宅急送（南京华电店）,9,32.10177321,118.81269958,[u'10:00/21:55'],629,5,0.7885375494071146,4.69373,1,5,5,厚享普装比萨,200000100617977459,"浓郁的新奥尔良鸡肉和鲜香培根，辅以金黄香浓的车打芝士酱和蘑菇等烤制，美味口中尽享。,主要原料:面团、芝士、鸡肉、培根、蔬菜",0,新奥尔良风情烤肉比萨[厚享][普通装],0,0,0,0
1159205,南京市栖霞区华电路1号,必胜客宅急送（南京华电店）,9,32.10177321,118.81269958,[u'10:00/21:55'],629,5,0.7885375494071146,4.69373,1,5,5,厚享普装比萨,200000100612669043,"经秘制酱料喷香翻炒而成的鸡腿肉，鲜 嫩无比，再佐以浓郁的比萨酱，融合香浓芝士，搭配青红椒等，喷香美味无法挡！,主要原料:面饼、芝士、蔬菜、鸡肉",0,秘制喷香烤鸡肉比萨[厚享][普通装],0,0,0,0
1159205,南京市栖霞区华电路1号,必胜客宅急送（南京华电店）,9,32.10177321,118.81269958,[u'10:00/21:55'],629,5,0.7885375494071146,4.69373,1,5,5,厚享普装比萨,200000100627560051,"精选大片培根，匠心配搭番茄，蘑菇等，口感鲜香，一品难忘！,主要原料:面团、芝士、蔬菜、培根",0,鲜香培根比萨[厚享][普通装],0,0,0,0
1159205,南京市栖霞区华电路1号,必胜客宅急送（南京华电店）,9,32.10177321,118.81269958,[u'10:00/21:55'],629,5,0.7885375494071146,4.69373,1,5,5,厚享普装比萨,200000182497914483,"海洋的饕餮馈赠，现在一口即尝到！选用香嫩扇贝柱和鱿鱼精心调制后，卷上大片培根，更有大虾、章鱼等丰盛海鲜美味，让您体验浓浓的意式风情。,主要原料:面团、芝士、虾、鱿鱼、章鱼、扇贝、蔬菜、菠萝",0,意式培根卷扇贝鱿鱼比萨[厚享][普通装],0,0,0,0
1159205,南京市栖霞区华电路1号,必胜客宅急送（南京华电店）,9,32.10177321,118.81269958,[u'10:00/21:55'],629,5,0.7885375494071146,4.69373,1,5,5,厚享大装比萨,200000164722017907,臻选蒲烧鳗鱼、日式牛肉菌菇、天妇罗大虾和照烧鸡肉，一次尽享四重和风盛宴。主要原料:面团、芝士、烤鳗、照烧鸡肉、天妇罗虾、牛肉、青红椒、玉米粒、白芝麻、海苔条、京葱、菌菇,0,臻选和风四拼比萨[厚享][大装],0,0,0,0
1159205,南京市栖霞区华电路1号,必胜客宅急送（南京华电店）,9,32.10177321,118.81269958,[u'10:00/21:55'],629,5,0.7885375494071146,4.69373,1,5,5,厚享大装比萨,200000164717729395,精选超级至尊、海鲜至尊、美式腊肉肠、夏威夷风光，一次尽享四重经典美味。主要原料:面团、芝士、虾、鱿鱼、蟹肉块、火腿、腊肉肠、牛肉粒、猪肉粒、菠萝、番茄、青圆椒、洋葱、蘑菇、黑橄榄,0,美式至尊四拼比萨[厚享][大装],0,0,0,0
1159205,南京市栖霞区华电路1号,必胜客宅急送（南京华电店）,9,32.10177321,118.81269958,[u'10:00/21:55'],629,5,0.7885375494071146,4.69373,1,5,5,厚享大装比萨,200000164722023027,融合潮流人气美味：香烤劲牛/北京潮鸭/美式精选/夏威夷/让您一次品尝四种口味。主要原料：面团、芝士、牛肉、火腿、腊肉肠、烧鸭切片、青椒、洋葱、蘑菇、菠萝、黄瓜、京葱、小米椒、干酪。,0,中西融合四拼比萨[厚享][大装],0,0,0,0
1159205,南京市栖霞区华电路1号,必胜客宅急送（南京华电店）,9,32.10177321,118.81269958,[u'10:00/21:55'],629,5,0.7885375494071146,4.69373,1,5,5,厚享大装比萨,200000100612642419,"腊肉肠、意式香肠、火腿、五香牛肉、五香猪肉、搭配菠萝、蘑菇、洋葱、青椒、黑橄榄等蔬菜水果，如此丰盛馅料，口口都是令人满足的好滋味。,主要原料:面团、牛肉粒、猪肉粒、火腿、腊肉肠、芝士、蔬菜、菠萝、黑橄榄",0,超级至尊比萨[厚享][大装],0,0,0,0
1159205,南京市栖霞区华电路1号,必胜客宅急送（南京华电店）,9,32.10177321,118.81269958,[u'10:00/21:55'],629,5,0.7885375494071146,4.69373,1,5,5,厚享大装比萨,200000100612049523,"大虾、蟹柳等丰富海鲜美味荟萃，配上酸甜菠萝和青椒，海鲜美味扑面而来。,主要原料:面团、芝士、虾、鱿鱼、章鱼、蟹柳块、青椒、菠萝",0,海鲜至尊比萨[厚享][大装],0,0,0,0
1159205,南京市栖霞区华电路1号,必胜客宅急送（南京华电店）,9,32.10177321,118.81269958,[u'10:00/21:55'],629,5,0.7885375494071146,4.69373,1,5,5,厚享大装比萨,200000100611991155,"肉香满满的火腿配上酸甜可口的菠萝，融入浓浓芝士，热力四射的夏威夷风情尽在口中。,主要原料:面团、芝士、火腿、菠萝",0,夏威夷风光比萨[厚享][大装],0,0,0,0
1159205,南京市栖霞区华电路1号,必胜客宅急送（南京华电店）,9,32.10177321,118.81269958,[u'10:00/21:55'],629,5,0.7885375494071146,4.69373,1,5,5,厚享大装比萨,200000100627582579,"选用进口金枕榴莲，搭配香浓芝士，烘烤后的榴莲和芝士完美结合，香气扑鼻，口味浓郁，带给你纯纯的东南亚风情！,主要原料:面团、金枕榴莲、芝士",0,榴莲多多（芝爱）比萨[厚享][大装],0,0,0,0
1159205,南京市栖霞区华电路1号,必胜客宅急送（南京华电店）,9,32.10177321,118.81269958,[u'10:00/21:55'],629,5,0.7885375494071146,4.69373,1,5,5,厚享大装比萨,200000100622822003,"特选鲜嫩喷香鸭肉，搭配京味酱，配以黄瓜，京葱等传统辅料，大胆融合中西方经典美味。,主要原料:面团、芝士、鸭肉、蔬菜",0,北京潮鸭比萨[厚享][大装],0,0,0,0
1159205,南京市栖霞区华电路1号,必胜客宅急送（南京华电店）,9,32.10177321,118.81269958,[u'10:00/21:55'],629,5,0.7885375494071146,4.69373,1,5,5,厚享大装比萨,200000100612095603,"美味的牛肉和鸡肉烹制而成的肉酱，整体风味醇厚鲜香，再铺上BBQ香肠，肉香浓郁，美味绽放味蕾！,主要原料:面饼、肉酱、香肠、芝士、蔬菜",0,缤纷肉酱烤香肠比萨[厚享][大装],0,0,0,0
1159205,南京市栖霞区华电路1号,必胜客宅急送（南京华电店）,9,32.10177321,118.81269958,[u'10:00/21:55'],629,5,0.7885375494071146,4.69373,1,5,5,厚享大装比萨,200000100618032755,"精选鲜香的腊肉肠、配以香浓的莫扎里拉乳酪，搭配出经典美味，值得细细品味。,主要原料:面团、芝士、腊肉肠",0,帕帕罗尼美式精选比萨[厚享][大装],0,0,0,0
1159205,南京市栖霞区华电路1号,必胜客宅急送（南京华电店）,9,32.10177321,118.81269958,[u'10:00/21:55'],629,5,0.7885375494071146,4.69373,1,5,5,厚享大装比萨,200000136052045427,"选自吸收满满阳光的美国进口薯角，弯弯的薯角搭配鲜香培根片，佐以口味适中的鸡蛋沙拉酱，随性画上美乃滋。,主要原料:面团、鸡蛋沙拉酱、芝士、薯角、培根",0,美式土豆培根比萨[厚享][大装],0,0,0,0
1159205,南京市栖霞区华电路1号,必胜客宅急送（南京华电店）,9,32.10177321,118.81269958,[u'10:00/21:55'],629,5,0.7885375494071146,4.69373,1,5,5,厚享大装比萨,200000100611954291,"经秘制酱料喷香翻炒而成的鸡腿肉，鲜 嫩无比，再佐以浓郁的比萨酱，融合香浓芝士，搭配青红椒等，喷香美味无法挡！,主要原料:面饼、芝士、蔬菜、鸡肉",0,秘制喷香烤鸡肉比萨[厚享][大装],0,0,0,0
1159205,南京市栖霞区华电路1号,必胜客宅急送（南京华电店）,9,32.10177321,118.81269958,[u'10:00/21:55'],629,5,0.7885375494071146,4.69373,1,5,5,厚享大装比萨,200000100617877107,"精选大片培根，匠心配搭番茄，蘑菇等，口感鲜香，一品难忘！,主要原料:面团、芝士、蔬菜、培根",0,鲜香培根比萨[厚享][大装],0,0,0,0
1159205,南京市栖霞区华电路1号,必胜客宅急送（南京华电店）,9,32.10177321,118.81269958,[u'10:00/21:55'],629,5,0.7885375494071146,4.69373,1,5,5,厚享大装比萨,200000100618041971,"麻辣鲜香的川式灯影牛肉条，搭配以红油豆瓣、剁椒、酱油等调理的川香风味比萨酱，蘑菇、青椒、洋葱、樱桃番茄、玉米使之口味更加丰富。,主要原料:面团、芝士、牛肉、蔬菜",0,香烤劲牛比萨[厚享][大装],0,0,0,0
1159205,南京市栖霞区华电路1号,必胜客宅急送（南京华电店）,9,32.10177321,118.81269958,[u'10:00/21:55'],629,5,0.7885375494071146,4.69373,1,5,5,厚享大装比萨,200000100622588531,"玉米、青椒、蘑菇、番茄、菠萝，蔬菜和水果的搭配，适合爱素食的您！,主要原料:面团、芝士、蔬菜",0,田园风光比萨[厚享][大装],0,0,0,0
1159205,南京市栖霞区华电路1号,必胜客宅急送（南京华电店）,9,32.10177321,118.81269958,[u'10:00/21:55'],629,5,0.7885375494071146,4.69373,1,5,5,厚享大装比萨,200000100612840051,"浓郁的新奥尔良鸡肉和鲜香培根，辅以金黄香浓的车打芝士酱和蘑菇等烤制，美味口中尽享。,主要原料:面团、芝士、鸡肉、培根、蔬菜",0,新奥尔良风情烤肉比萨[厚享][大装],0,0,0,0
1159205,南京市栖霞区华电路1号,必胜客宅急送（南京华电店）,9,32.10177321,118.81269958,[u'10:00/21:55'],629,5,0.7885375494071146,4.69373,1,5,5,厚享大装比萨,200000182485838451,"海洋的饕餮馈赠，现在一口即尝到！选用香嫩扇贝柱和鱿鱼精心调制后，卷上大片培根，更有大虾、章鱼等丰盛海鲜美味，让您体验浓浓的意式风情。,主要原料:面团、芝士、虾、鱿鱼、章鱼、扇贝、蔬菜、菠萝",0,意式培根卷扇贝鱿鱼比萨[厚享][大装],0,0,0,0
1159205,南京市栖霞区华电路1号,必胜客宅急送（南京华电店）,9,32.10177321,118.81269958,[u'10:00/21:55'],629,5,0.7885375494071146,4.69373,1,5,5,厚享小装比萨,200000100612742771,"腊肉肠、意式香肠、火腿、五香牛肉、五香猪肉、搭配菠萝、蘑菇、洋葱、青椒、黑橄榄等蔬菜水果，如此丰盛馅料，口口都是令人满足的好滋味。,主要原料:面团、牛肉粒、猪肉粒、火腿、腊肉肠、芝士、蔬菜、菠萝、黑橄榄",0,超级至尊比萨[厚享][小装],0,0,0,0
1159205,南京市栖霞区华电路1号,必胜客宅急送（南京华电店）,9,32.10177321,118.81269958,[u'10:00/21:55'],629,5,0.7885375494071146,4.69373,1,5,5,厚享小装比萨,200000100612818547,"大虾、蟹柳等丰富海鲜美味荟萃，配上酸甜菠萝和青椒，海鲜美味扑面而来。,主要原料:面团、芝士、虾、鱿鱼、章鱼、蟹柳块、青椒、菠萝",0,海鲜至尊比萨[厚享][小装],0,0,0,0
1159205,南京市栖霞区华电路1号,必胜客宅急送（南京华电店）,9,32.10177321,118.81269958,[u'10:00/21:55'],629,5,0.7885375494071146,4.69373,1,5,5,厚享小装比萨,200000100622601843,"选用进口金枕榴莲，搭配香浓芝士，烘烤后的榴莲和芝士完美结合，香气扑鼻，口味浓郁，带给你纯纯的东南亚风情！,主要原料:面团、金枕榴莲、芝士",0,榴莲多多（芝爱）比萨[厚享][小装],0,0,0,0
1159205,南京市栖霞区华电路1号,必胜客宅急送（南京华电店）,9,32.10177321,118.81269958,[u'10:00/21:55'],629,5,0.7885375494071146,4.69373,1,5,5,厚享小装比萨,200000100612759155,"肉香满满的火腿配上酸甜可口的菠萝，融入浓浓芝士，热力四射的夏威夷风情尽在口中。,主要原料:面团、芝士、火腿、菠萝",1,夏威夷风光比萨[厚享][小装],0,0,0,0
1159205,南京市栖霞区华电路1号,必胜客宅急送（南京华电店）,9,32.10177321,118.81269958,[u'10:00/21:55'],629,5,0.7885375494071146,4.69373,1,5,5,厚享小装比萨,200000100622812787,"特选鲜嫩喷香鸭肉，搭配京味酱，配以黄瓜，京葱等传统辅料，大胆融合中西方经典美味。,主要原料:面团、芝士、鸭肉、蔬菜",1,北京潮鸭比萨[厚享][小装],4.0,1,1,100
1159205,南京市栖霞区华电路1号,必胜客宅急送（南京华电店）,9,32.10177321,118.81269958,[u'10:00/21:55'],629,5,0.7885375494071146,4.69373,1,5,5,厚享小装比萨,200000100617849459,"麻辣鲜香的川式灯影牛肉条，搭配以红油豆瓣、剁椒、酱油等调理的川香风味比萨酱，蘑菇、青椒、洋葱、樱桃番茄、玉米使之口味更加丰富。,主要原料:面团、芝士、牛肉、蔬菜",0,香烤劲牛比萨[厚享][小装],0,0,0,0
1159205,南京市栖霞区华电路1号,必胜客宅急送（南京华电店）,9,32.10177321,118.81269958,[u'10:00/21:55'],629,5,0.7885375494071146,4.69373,1,5,5,厚享小装比萨,200000136056983155,"选自吸收满满阳光的美国进口薯角，弯弯的薯角搭配鲜香培根片，佐以口味适中的鸡蛋沙拉酱，随性画上美乃滋。,主要原料:面团、鸡蛋沙拉酱、芝士、薯角、培根",0,美式土豆培根比萨[厚享][小装],0,0,0,0
1159205,南京市栖霞区华电路1号,必胜客宅急送（南京华电店）,9,32.10177321,118.81269958,[u'10:00/21:55'],629,5,0.7885375494071146,4.69373,1,5,5,厚享小装比萨,200000100622789235,"美味的牛肉和鸡肉烹制而成的肉酱，整体风味醇厚鲜香，再铺上BBQ香肠，肉香浓郁，美味绽放味蕾！,主要原料:面饼、肉酱、香肠、芝士、蔬菜",0,缤纷肉酱烤香肠比萨[厚享][小装],0,0,0,0
1159205,南京市栖霞区华电路1号,必胜客宅急送（南京华电店）,9,32.10177321,118.81269958,[u'10:00/21:55'],629,5,0.7885375494071146,4.69373,1,5,5,厚享小装比萨,200000100622698099,"精选大片培根，匠心配搭番茄，蘑菇等，口感鲜香，一品难忘！,主要原料:面团、芝士、蔬菜、培根",0,鲜香培根比萨[厚享][小装],0,0,0,0
1159205,南京市栖霞区华电路1号,必胜客宅急送（南京华电店）,9,32.10177321,118.81269958,[u'10:00/21:55'],629,5,0.7885375494071146,4.69373,1,5,5,厚享小装比萨,200000100618010227,"玉米、青椒、蘑菇、番茄、菠萝，蔬菜和水果的搭配，适合爱素食的您！,主要原料:面团、芝士、蔬菜",0,田园风光比萨[厚享][小装],0,0,0,0
1159205,南京市栖霞区华电路1号,必胜客宅急送（南京华电店）,9,32.10177321,118.81269958,[u'10:00/21:55'],629,5,0.7885375494071146,4.69373,1,5,5,厚享小装比萨,200000100622814835,"精选鲜香的腊肉肠、配以香浓的莫扎里拉乳酪，搭配出经典美味，值得细细品味。,主要原料:面团、芝士、腊肉肠",0,帕帕罗尼美式精选比萨[厚享][小装],0,0,0,0
1159205,南京市栖霞区华电路1号,必胜客宅急送（南京华电店）,9,32.10177321,118.81269958,[u'10:00/21:55'],629,5,0.7885375494071146,4.69373,1,5,5,厚享小装比萨,200000100611976819,"浓郁的新奥尔良鸡肉和鲜香培根，辅以金黄香浓的车打芝士酱和蘑菇等烤制，美味口中尽享。,主要原料:面团、芝士、鸡肉、培根、蔬菜",0,新奥尔良风情烤肉比萨[厚享][小装],0,0,0,0
1159205,南京市栖霞区华电路1号,必胜客宅急送（南京华电店）,9,32.10177321,118.81269958,[u'10:00/21:55'],629,5,0.7885375494071146,4.69373,1,5,5,厚享小装比萨,200000100617838195,"经秘制酱料喷香翻炒而成的鸡腿肉，鲜 嫩无比，再佐以浓郁的比萨酱，融合香浓芝士，搭配青红椒等，喷香美味无法挡！,主要原料:面饼、芝士、蔬菜、鸡肉",0,秘制喷香烤鸡肉比萨[厚享][小装],0,0,0,0
1159205,南京市栖霞区华电路1号,必胜客宅急送（南京华电店）,9,32.10177321,118.81269958,[u'10:00/21:55'],629,5,0.7885375494071146,4.69373,1,5,5,厚享小装比萨,200000182485833331,"海洋的饕餮馈赠，现在一口即尝到！选用香嫩扇贝柱和鱿鱼精心调制后，卷上大片培根，更有大虾、章鱼等丰盛海鲜美味，让您体验浓浓的意式风情。,主要原料:面团、芝士、虾、鱿鱼、章鱼、扇贝、蔬菜、菠萝",0,意式培根卷扇贝鱿鱼比萨[厚享][小装],0,0,0,0
1538987,南京市玄武区黑墨营98号-13,Pizza House咖喱焗饭牛排饭,3,32.089344,118.817641,[u'09:30/21:00'],1649,4.3,0.23638968481375358,4.1388,0.87,4.54303,4.3,披萨（焗饭焗面）升级加料,200000095982041295,可以加一份芝士在披萨或者焗饭上,7,披萨焗饭加一份芝士,3.75,4,3,75
1538987,南京市玄武区黑墨营98号-13,Pizza House咖喱焗饭牛排饭,3,32.089344,118.817641,[u'09:30/21:00'],1649,4.3,0.23638968481375358,4.1388,0.87,4.54303,4.3,披萨（焗饭焗面）升级加料,200000095982107855,榴莲披萨上多加一份榴莲,3,我不是披萨，我只是加一份榴莲,4.0,1,1,100
1538987,南京市玄武区黑墨营98号-13,Pizza House咖喱焗饭牛排饭,3,32.089344,118.817641,[u'09:30/21:00'],1649,4.3,0.23638968481375358,4.1388,0.87,4.54303,4.3,8英寸披萨,103134657743,薄边口感更好哦,28,8英寸卷饼烤肉披萨,4.5,4,4,100
1538987,南京市玄武区黑墨营98号-13,Pizza House咖喱焗饭牛排饭,3,32.089344,118.817641,[u'09:30/21:00'],1649,4.3,0.23638968481375358,4.1388,0.87,4.54303,4.3,8英寸披萨,111901677775,超薄－超薄饼吃起来更香,26,8寸超薄饼香蕉比萨,4.11,9,8,88
1538987,南京市玄武区黑墨营98号-13,Pizza House咖喱焗饭牛排饭,3,32.089344,118.817641,[u'09:30/21:00'],1649,4.3,0.23638968481375358,4.1388,0.87,4.54303,4.3,8英寸披萨,161940804815,水果，烤肠，芝士 厚底,8,8英寸卷饼夏威夷风情披萨,5.0,1,1,100
1538987,南京市玄武区黑墨营98号-13,Pizza House咖喱焗饭牛排饭,3,32.089344,118.817641,[u'09:30/21:00'],1649,4.3,0.23638968481375358,4.1388,0.87,4.54303,4.3,8英寸披萨,161940804815,超薄－水果，烤肠，芝士,30,8英寸卷饼夏威夷风情披萨,4.14,7,7,100
1538987,南京市玄武区黑墨营98号-13,Pizza House咖喱焗饭牛排饭,3,32.089344,118.817641,[u'09:30/21:00'],1649,4.3,0.23638968481375358,4.1388,0.87,4.54303,4.3,8英寸披萨,161941593295,超薄－进口的金枕头榴莲肉，甜甜的，回味无穷,30,8英寸卷饼榴莲披萨,4.25,8,8,100
1538987,南京市玄武区黑墨营98号-13,Pizza House咖喱焗饭牛排饭,3,32.089344,118.817641,[u'09:30/21:00'],1649,4.3,0.23638968481375358,4.1388,0.87,4.54303,4.3,8英寸披萨,161938881743,超薄－美味牛肉粒，秘制的蔬菜汁饼底，浓郁可口,9,8英寸卷饼牛肉粒披萨,4.0,3,3,100
1538987,南京市玄武区黑墨营98号-13,Pizza House咖喱焗饭牛排饭,3,32.089344,118.817641,[u'09:30/21:00'],1649,4.3,0.23638968481375358,4.1388,0.87,4.54303,4.3,8英寸披萨,162232596687,超薄－内含培根肉，玉米，青椒,1,8英寸卷饼培根披萨,0,0,0,0
1538987,南京市玄武区黑墨营98号-13,Pizza House咖喱焗饭牛排饭,3,32.089344,118.817641,[u'09:30/21:00'],1649,4.3,0.23638968481375358,4.1388,0.87,4.54303,4.3,8英寸披萨,228028936399,超薄－德国图林根风味烤肠,4,8寸卷饼图林根烤肠披萨,0,0,0,0
1538987,南京市玄武区黑墨营98号-13,Pizza House咖喱焗饭牛排饭,3,32.089344,118.817641,[u'09:30/21:00'],1649,4.3,0.23638968481375358,4.1388,0.87,4.54303,4.3,8英寸披萨,200000098682769615,菠萝，椰果，黄桃,8,8英寸厚底水果披萨,4.0,2,2,100
1538987,南京市玄武区黑墨营98号-13,Pizza House咖喱焗饭牛排饭,3,32.089344,118.817641,[u'09:30/21:00'],1649,4.3,0.23638968481375358,4.1388,0.87,4.54303,4.3,8英寸披萨,200000102985708751,烤肉我们家秘制配方,28,8英寸厚底烤肉披萨,4.2,5,5,100
1538987,南京市玄武区黑墨营98号-13,Pizza House咖喱焗饭牛排饭,3,32.089344,118.817641,[u'09:30/21:00'],1649,4.3,0.23638968481375358,4.1388,0.87,4.54303,4.3,8英寸披萨,200000102994375887,如假包换金枕头榴莲,11,8英寸厚底榴莲披萨,4.25,4,4,100
1538987,南京市玄武区黑墨营98号-13,Pizza House咖喱焗饭牛排饭,3,32.089344,118.817641,[u'09:30/21:00'],1649,4.3,0.23638968481375358,4.1388,0.87,4.54303,4.3,8英寸披萨,200000103009790159,香蕉加芝士,4,8英寸厚底香蕉披萨,4.0,1,1,100
1538987,南京市玄武区黑墨营98号-13,Pizza House咖喱焗饭牛排饭,3,32.089344,118.817641,[u'09:30/21:00'],1649,4.3,0.23638968481375358,4.1388,0.87,4.54303,4.3,8英寸披萨,200000103001905359,欧风图林根烤肠,6,8英寸厚底图林根烤肠披萨,0,0,0,0
1538987,南京市玄武区黑墨营98号-13,Pizza House咖喱焗饭牛排饭,3,32.089344,118.817641,[u'09:30/21:00'],1649,4.3,0.23638968481375358,4.1388,0.87,4.54303,4.3,8英寸披萨,200000103002333391,薯球加培根,4,8英寸厚底薯球培根披萨,0,0,0,0
1538987,南京市玄武区黑墨营98号-13,Pizza House咖喱焗饭牛排饭,3,32.089344,118.817641,[u'09:30/21:00'],1649,4.3,0.23638968481375358,4.1388,0.87,4.54303,4.3,8英寸披萨,200000103002992847,培根肉，烤肉，萨拉米肠和牛肉粒,10,8英寸厚底垃圾桶披萨,2.0,1,0,0
1538987,南京市玄武区黑墨营98号-13,Pizza House咖喱焗饭牛排饭,3,32.089344,118.817641,[u'09:30/21:00'],1649,4.3,0.23638968481375358,4.1388,0.87,4.54303,4.3,8英寸披萨,200000103018591439,日式烤肠,1,8英寸厚底日式烤肠披萨,0,0,0,0
1538987,南京市玄武区黑墨营98号-13,Pizza House咖喱焗饭牛排饭,3,32.089344,118.817641,[u'09:30/21:00'],1649,4.3,0.23638968481375358,4.1388,0.87,4.54303,4.3,8英寸披萨,200000103018723535,菠萝和培根,2,8英寸厚底菠萝培根披萨,4.0,1,1,100
1538987,南京市玄武区黑墨营98号-13,Pizza House咖喱焗饭牛排饭,3,32.089344,118.817641,[u'09:30/21:00'],1649,4.3,0.23638968481375358,4.1388,0.87,4.54303,4.3,8英寸披萨,200000103011783887,培根和虾仁的完美组合,7,8英寸培根虾仁披萨,4.0,1,1,100
1538987,南京市玄武区黑墨营98号-13,Pizza House咖喱焗饭牛排饭,3,32.089344,118.817641,[u'09:30/21:00'],1649,4.3,0.23638968481375358,4.1388,0.87,4.54303,4.3,8英寸披萨,200000126541169871,进口牛肉粒,8,8英寸厚底牛肉披萨,2.0,1,0,0
141639705,南京市栖霞区迈皋桥街道和燕路396号3幢104室,味思特pizza(晓庄店),4.5,32.113463,118.819361,[u'00:00/24:00'],1353,4.6,0.460639127045986,4.31764,0.92,4.83784,4.6,现烤披萨—9寸,200000169304531406,9寸至尊红颜披萨-牛肉豆、菠萝颗粒、火腿切片、肉肠、玉米青豆胡萝卜、青红椒、新西兰马苏里拉芝士,76,至尊红颜披萨,4.17,18,17,94
141639705,南京市栖霞区迈皋桥街道和燕路396号3幢104室,味思特pizza(晓庄店),4.5,32.113463,118.819361,[u'00:00/24:00'],1353,4.6,0.460639127045986,4.31764,0.92,4.83784,4.6,现烤披萨—9寸,200000169311474126,9寸缤纷水果披萨-菠萝、黄桃、圣女果、等当季鲜果,36,青春水果披萨,3.7800000000000002,9,7,77
141639705,南京市栖霞区迈皋桥街道和燕路396号3幢104室,味思特pizza(晓庄店),4.5,32.113463,118.819361,[u'00:00/24:00'],1353,4.6,0.460639127045986,4.31764,0.92,4.83784,4.6,现烤披萨—9寸,200000169315228110,9寸意式奥尔良风味披萨-熏烤奥尔良鸡肉、培根切片、青红椒、玉米鲜蔬,51,奥尔良风味披萨,4.42,12,12,100
141639705,南京市栖霞区迈皋桥街道和燕路396号3幢104室,味思特pizza(晓庄店),4.5,32.113463,118.819361,[u'00:00/24:00'],1353,4.6,0.460639127045986,4.31764,0.92,4.83784,4.6,现烤披萨—9寸,200000169438296526,9寸老北京烤鸭披萨-鲜香烤鸭肉块、洋葱、青红椒、鲜时蔬、培根切片、马苏里拉芝士,10,老北京烤鸭披萨,4.0,3,3,100
141639705,南京市栖霞区迈皋桥街道和燕路396号3幢104室,味思特pizza(晓庄店),4.5,32.113463,118.819361,[u'00:00/24:00'],1353,4.6,0.460639127045986,4.31764,0.92,4.83784,4.6,现烤披萨—9寸,200000169452225998,9寸主题鲜虾菠萝派披萨-鲜嫩虾仁、菠萝块、肉肠切片、鲜蔬、马苏里拉芝士等,8,主题鲜虾菠萝派披萨,4.0,2,2,100
141639705,南京市栖霞区迈皋桥街道和燕路396号3幢104室,味思特pizza(晓庄店),4.5,32.113463,118.819361,[u'00:00/24:00'],1353,4.6,0.460639127045986,4.31764,0.92,4.83784,4.6,现烤披萨—9寸,200000169453497806,9寸黄金罗盘鸡排披萨-现炸鸡排、牛肉豆、肉肠、鲜蔬,69,黄金罗盘鸡排披萨,4.14,21,20,95
141639705,南京市栖霞区迈皋桥街道和燕路396号3幢104室,味思特pizza(晓庄店),4.5,32.113463,118.819361,[u'00:00/24:00'],1353,4.6,0.460639127045986,4.31764,0.92,4.83784,4.6,现烤披萨—9寸,200000169449966030,9寸热带风情培根披萨-精致培根片、鲜蔬、马苏里拉芝士,61,热带风情培根披萨,4.23,13,13,100
141639705,南京市栖霞区迈皋桥街道和燕路396号3幢104室,味思特pizza(晓庄店),4.5,32.113463,118.819361,[u'00:00/24:00'],1353,4.6,0.460639127045986,4.31764,0.92,4.83784,4.6,现烤披萨—9寸,200000169465318862,9寸意式田园风情披萨-比萨切片、黄桃块、鲜时蔬、马苏里拉芝士,6,意式田园风情披萨,5.0,1,1,100
141639705,南京市栖霞区迈皋桥街道和燕路396号3幢104室,味思特pizza(晓庄店),4.5,32.113463,118.819361,[u'00:00/24:00'],1353,4.6,0.460639127045986,4.31764,0.92,4.83784,4.6,现烤披萨—9寸,200000169720985038,上等赤豆、黄桃颗粒、马苏里拉芝士,7,甜蜜红豆披萨,3.5,4,3,75
141639705,南京市栖霞区迈皋桥街道和燕路396号3幢104室,味思特pizza(晓庄店),4.5,32.113463,118.819361,[u'00:00/24:00'],1353,4.6,0.460639127045986,4.31764,0.92,4.83784,4.6,现烤披萨—9寸,200000169725843918,精致牛肉、鲜时蔬、玉米杂碎、马苏里拉芝士、,25,岩烤牛肉披萨,4.5,6,6,100
141639705,南京市栖霞区迈皋桥街道和燕路396号3幢104室,味思特pizza(晓庄店),4.5,32.113463,118.819361,[u'00:00/24:00'],1353,4.6,0.460639127045986,4.31764,0.92,4.83784,4.6,现烤披萨—9寸,200000174929400270,任意披萨随机双拼（牛肉、鸡排除外）可备注,1,双拼派披萨,4.0,1,1,100
141639705,南京市栖霞区迈皋桥街道和燕路396号3幢104室,味思特pizza(晓庄店),4.5,32.113463,118.819361,[u'00:00/24:00'],1353,4.6,0.460639127045986,4.31764,0.92,4.83784,4.6,现烤披萨—9寸,200000177557540302,香肘纯肉搭配玉米时蔬、醇香奶酪、赞不绝口,13,莫尔香肘纯肉披萨,4.0,2,2,100
141639705,南京市栖霞区迈皋桥街道和燕路396号3幢104室,味思特pizza(晓庄店),4.5,32.113463,118.819361,[u'00:00/24:00'],1353,4.6,0.460639127045986,4.31764,0.92,4.83784,4.6,现烤披萨—12寸,200000169795317198,12寸至尊红颜披萨-牛肉豆、菠萝颗粒、火腿切片、肉肠、玉米青豆胡萝卜、青红椒、新西兰马苏里拉芝士,24,12寸至尊红颜披萨,3.88,8,6,75
141639705,南京市栖霞区迈皋桥街道和燕路396号3幢104室,味思特pizza(晓庄店),4.5,32.113463,118.819361,[u'00:00/24:00'],1353,4.6,0.460639127045986,4.31764,0.92,4.83784,4.6,现烤披萨—12寸,200000169796363726,12寸老北京烤鸭披萨-鲜香烤鸭肉块、洋葱、青红椒、鲜时蔬、培根切片、马苏里拉芝士,4,12寸老北京烤鸭披萨,0,0,0,0
141639705,南京市栖霞区迈皋桥街道和燕路396号3幢104室,味思特pizza(晓庄店),4.5,32.113463,118.819361,[u'00:00/24:00'],1353,4.6,0.460639127045986,4.31764,0.92,4.83784,4.6,现烤披萨—12寸,200000169809182158,12寸热带风情培根披萨-精致培根片、鲜蔬、马苏里拉芝士,30,12寸热带风情披萨,4.33,6,6,100
141639705,南京市栖霞区迈皋桥街道和燕路396号3幢104室,味思特pizza(晓庄店),4.5,32.113463,118.819361,[u'00:00/24:00'],1353,4.6,0.460639127045986,4.31764,0.92,4.83784,4.6,现烤披萨—12寸,200000169832986062,12寸黄金罗盘鸡排披萨-现炸鸡排、牛肉豆、肉肠、鲜蔬,4,12寸黄金罗盘鸡排披萨,4.0,1,1,100
141639705,南京市栖霞区迈皋桥街道和燕路396号3幢104室,味思特pizza(晓庄店),4.5,32.113463,118.819361,[u'00:00/24:00'],1353,4.6,0.460639127045986,4.31764,0.92,4.83784,4.6,现烤披萨—12寸,200000169827997134,9寸缤纷水果披萨-菠萝、黄桃、圣女果、等当季鲜果,7,12寸青春水果披萨,4.5,2,2,100
141639705,南京市栖霞区迈皋桥街道和燕路396号3幢104室,味思特pizza(晓庄店),4.5,32.113463,118.819361,[u'00:00/24:00'],1353,4.6,0.460639127045986,4.31764,0.92,4.83784,4.6,现烤披萨—12寸,200000174923689422,甜蜜红豆、清甜黄桃、醇香芝士,5,12寸红豆派披萨,3.0,2,1,50
141639705,南京市栖霞区迈皋桥街道和燕路396号3幢104室,味思特pizza(晓庄店),4.5,32.113463,118.819361,[u'00:00/24:00'],1353,4.6,0.460639127045986,4.31764,0.92,4.83784,4.6,现烤披萨—12寸,200000174929979854,香蕉片、圣女果、醇香芝士、happy一下！,3,12寸香蕉派披萨,5.0,1,1,100
155769322,南京市栖霞区迈皋桥街道华电路1号,芝多客PIZZA(迈皋桥店),4.5,32.10281,118.81501,[u'09:30/21:30'],351,4.9,0.7189586114819759,4.69009,0.99,5,4.9,披萨9寸,215453864970,意式火腿。菠萝 马苏里拉高级奶酪,11,9寸夏威夷风情,5.0,1,1,100
155769322,南京市栖霞区迈皋桥街道华电路1号,芝多客PIZZA(迈皋桥店),4.5,32.10281,118.81501,[u'09:30/21:30'],351,4.9,0.7189586114819759,4.69009,0.99,5,4.9,披萨9寸,215318229002,意式萨拉米肠，进口黑椒牛肉里脊，青椒，红椒，马苏里拉高级奶酪,11,墨西哥烤牛肉披萨,0,0,0,0
155769322,南京市栖霞区迈皋桥街道华电路1号,芝多客PIZZA(迈皋桥店),4.5,32.10281,118.81501,[u'09:30/21:30'],351,4.9,0.7189586114819759,4.69009,0.99,5,4.9,披萨9寸,215307724810,广式热狗肠，火鸡肉，青椒，洋葱，蘑菇，红椒，马苏里拉高级奶酪,1,9寸腊味风情披萨,0,0,0,0
155769322,南京市栖霞区迈皋桥街道华电路1号,芝多客PIZZA(迈皋桥店),4.5,32.10281,118.81501,[u'09:30/21:30'],351,4.9,0.7189586114819759,4.69009,0.99,5,4.9,披萨9寸,215308157962,3层马苏里拉奶酪，送给芝士控们～,9,9寸乳酪诱惑(女神最爱),4.0,1,1,100
155769322,南京市栖霞区迈皋桥街道华电路1号,芝多客PIZZA(迈皋桥店),4.5,32.10281,118.81501,[u'09:30/21:30'],351,4.9,0.7189586114819759,4.69009,0.99,5,4.9,披萨9寸,215308264458,奥尔良烤鸡腿肉，烟熏培根片，番茄，蘑菇，青椒，马苏里拉高级奶酪,19,9寸奥尔良烤鸡披萨【网红最爱】,4.33,3,3,100
155769322,南京市栖霞区迈皋桥街道华电路1号,芝多客PIZZA(迈皋桥店),4.5,32.10281,118.81501,[u'09:30/21:30'],351,4.9,0.7189586114819759,4.69009,0.99,5,4.9,披萨9寸,215308940298,新品！进口黑椒牛肉里脊，火腿，洋葱，青椒，蘑菇，马苏里拉高级奶酪,4,9寸红色斗牛士披萨,4.0,1,1,100
155769322,南京市栖霞区迈皋桥街道华电路1号,芝多客PIZZA(迈皋桥店),4.5,32.10281,118.81501,[u'09:30/21:30'],351,4.9,0.7189586114819759,4.69009,0.99,5,4.9,披萨9寸,215309388810,大块大块的新鲜芒果肉，芒果控们最爱哦❤️,11,9寸泰式香浓芒果披萨,4.5,4,4,100
155769322,南京市栖霞区迈皋桥街道华电路1号,芝多客PIZZA(迈皋桥店),4.5,32.10281,118.81501,[u'09:30/21:30'],351,4.9,0.7189586114819759,4.69009,0.99,5,4.9,披萨9寸,215309954058,热狗肠，新鲜虾仁肉，玉米，青椒，洋葱，马苏里拉高级奶酪,2,9寸菠萝爱上虾披萨,4.0,1,1,100
155769322,南京市栖霞区迈皋桥街道华电路1号,芝多客PIZZA(迈皋桥店),4.5,32.10281,118.81501,[u'09:30/21:30'],351,4.9,0.7189586114819759,4.69009,0.99,5,4.9,披萨9寸,215313911818,秘制腊牛肉里脊，奥尔良鸡丁，青椒，洋葱，马苏里拉高级奶酪,4,9寸风云再起披萨,5.0,1,1,100
155769322,南京市栖霞区迈皋桥街道华电路1号,芝多客PIZZA(迈皋桥店),4.5,32.10281,118.81501,[u'09:30/21:30'],351,4.9,0.7189586114819759,4.69009,0.99,5,4.9,披萨9寸,215317913610,烟熏培根，火腿，玉米，奥尔良鸡腿排，牛肉里脊，青椒，蘑菇，菠萝，马苏里拉高级奶酪,6,无敌至尊披萨,0,0,0,0
155769322,南京市栖霞区迈皋桥街道华电路1号,芝多客PIZZA(迈皋桥店),4.5,32.10281,118.81501,[u'09:30/21:30'],351,4.9,0.7189586114819759,4.69009,0.99,5,4.9,披萨9寸,215330623498,泰国进口菠萝，黄桃，香蕉，玉米，圣女果，马苏里拉高级奶酪,4,9寸水果缤纷披萨,4.0,1,1,100
155769322,南京市栖霞区迈皋桥街道华电路1号,芝多客PIZZA(迈皋桥店),4.5,32.10281,118.81501,[u'09:30/21:30'],351,4.9,0.7189586114819759,4.69009,0.99,5,4.9,披萨9寸,215323443210,牛肉里脊，奥尔良腿排，青椒，洋葱，蘑菇，马苏里拉高级奶酪,5,9寸美式精选披萨,4.0,2,2,100
155769322,南京市栖霞区迈皋桥街道华电路1号,芝多客PIZZA(迈皋桥店),4.5,32.10281,118.81501,[u'09:30/21:30'],351,4.9,0.7189586114819759,4.69009,0.99,5,4.9,披萨9寸,215318000650,现熬土豆泥，香蕉，玉米，马苏里拉高级奶酪,1,9寸岩烧焦香土豆泥披萨,4.0,1,1,100
155769322,南京市栖霞区迈皋桥街道华电路1号,芝多客PIZZA(迈皋桥店),4.5,32.10281,118.81501,[u'09:30/21:30'],351,4.9,0.7189586114819759,4.69009,0.99,5,4.9,披萨9寸,215457998858,进口猫山榴莲肉撒上马苏里拉奶酪 浓香四溢~推荐！,18,9寸猫山榴莲披萨  招牌！,4.33,3,3,100
155769322,南京市栖霞区迈皋桥街道华电路1号,芝多客PIZZA(迈皋桥店),4.5,32.10281,118.81501,[u'09:30/21:30'],351,4.9,0.7189586114819759,4.69009,0.99,5,4.9,披萨9寸,215474613258,牛肉里脊，奥尔良鸡腿排，热狗肠，青椒，马苏里啦高级奶酪，爱吃肉肉～,2,9寸香荤满溢披萨,4.0,1,1,100
155769322,南京市栖霞区迈皋桥街道华电路1号,芝多客PIZZA(迈皋桥店),4.5,32.10281,118.81501,[u'09:30/21:30'],351,4.9,0.7189586114819759,4.69009,0.99,5,4.9,披萨9寸,253419698186,亲们所有口味都可选，备注哦！,5,9寸任性双拼,4.5,2,2,100
155769322,南京市栖霞区迈皋桥街道华电路1号,芝多客PIZZA(迈皋桥店),4.5,32.10281,118.81501,[u'09:30/21:30'],351,4.9,0.7189586114819759,4.69009,0.99,5,4.9,披萨9寸,215475299338,意式火腿，火鸡肉，青椒，洋葱，马苏里拉高级奶酪,1,9寸珍请上选火鸡披萨,0,0,0,0
155769322,南京市栖霞区迈皋桥街道华电路1号,芝多客PIZZA(迈皋桥店),4.5,32.10281,118.81501,[u'09:30/21:30'],351,4.9,0.7189586114819759,4.69009,0.99,5,4.9,披萨9寸,215480258570,正宗猫山榴莲+泰国芒果 马苏里拉高级奶酪！经典搭配，唤醒您的味蕾~,2,9寸榴芒披萨（榴莲+芒果）,4.0,1,1,100
155769322,南京市栖霞区迈皋桥街道华电路1号,芝多客PIZZA(迈皋桥店),4.5,32.10281,118.81501,[u'09:30/21:30'],351,4.9,0.7189586114819759,4.69009,0.99,5,4.9,披萨9寸,200000096631891978,重口味！只此一款辣味披萨！奥尔良鸡丁，火腿，青椒，玉米，洋葱，马苏里拉奶酪！,1,9寸麻辣教父披萨,0,0,0,0
155769322,南京市栖霞区迈皋桥街道华电路1号,芝多客PIZZA(迈皋桥店),4.5,32.10281,118.81501,[u'09:30/21:30'],351,4.9,0.7189586114819759,4.69009,0.99,5,4.9,披萨9寸,200000130991955978,新品！,1,9寸法式经典培根,0,0,0,0
155769322,南京市栖霞区迈皋桥街道华电路1号,芝多客PIZZA(迈皋桥店),4.5,32.10281,118.81501,[u'09:30/21:30'],351,4.9,0.7189586114819759,4.69009,0.99,5,4.9,披萨12寸,215510028298,,1,夏威夷风情披萨12寸,0,0,0,0
155769322,南京市栖霞区迈皋桥街道华电路1号,芝多客PIZZA(迈皋桥店),4.5,32.10281,118.81501,[u'09:30/21:30'],351,4.9,0.7189586114819759,4.69009,0.99,5,4.9,披萨12寸,215504883722,现熬土豆泥，香蕉，玉米，高级奶酪,1,岩烧焦香土豆泥披萨12寸,0,0,0,0
155769322,南京市栖霞区迈皋桥街道华电路1号,芝多客PIZZA(迈皋桥店),4.5,32.10281,118.81501,[u'09:30/21:30'],351,4.9,0.7189586114819759,4.69009,0.99,5,4.9,披萨12寸,215503301642,,3,无敌至尊披萨12寸,0,0,0,0
155769322,南京市栖霞区迈皋桥街道华电路1号,芝多客PIZZA(迈皋桥店),4.5,32.10281,118.81501,[u'09:30/21:30'],351,4.9,0.7189586114819759,4.69009,0.99,5,4.9,披萨12寸,215504436234,,1,榴芒披萨12寸,0,0,0,0
155769322,南京市栖霞区迈皋桥街道华电路1号,芝多客PIZZA(迈皋桥店),4.5,32.10281,118.81501,[u'09:30/21:30'],351,4.9,0.7189586114819759,4.69009,0.99,5,4.9,披萨12寸,215506080778,,2,香荤满溢披萨12寸,4.0,1,1,100
155769322,南京市栖霞区迈皋桥街道华电路1号,芝多客PIZZA(迈皋桥店),4.5,32.10281,118.81501,[u'09:30/21:30'],351,4.9,0.7189586114819759,4.69009,0.99,5,4.9,披萨12寸,215506319370,,1,红色斗牛士披萨12寸,0,0,0,0
155769322,南京市栖霞区迈皋桥街道华电路1号,芝多客PIZZA(迈皋桥店),4.5,32.10281,118.81501,[u'09:30/21:30'],351,4.9,0.7189586114819759,4.69009,0.99,5,4.9,披萨12寸,215506552842,,1,珍情上选火鸡披萨12寸,0,0,0,0
155769322,南京市栖霞区迈皋桥街道华电路1号,芝多客PIZZA(迈皋桥店),4.5,32.10281,118.81501,[u'09:30/21:30'],351,4.9,0.7189586114819759,4.69009,0.99,5,4.9,披萨12寸,215506611210,,2,乳酪诱惑12寸,4.0,1,1,100
155769322,南京市栖霞区迈皋桥街道华电路1号,芝多客PIZZA(迈皋桥店),4.5,32.10281,118.81501,[u'09:30/21:30'],351,4.9,0.7189586114819759,4.69009,0.99,5,4.9,披萨12寸,215506978826,,3,墨西哥烤牛肉披萨12寸,0,0,0,0
155769322,南京市栖霞区迈皋桥街道华电路1号,芝多客PIZZA(迈皋桥店),4.5,32.10281,118.81501,[u'09:30/21:30'],351,4.9,0.7189586114819759,4.69009,0.99,5,4.9,披萨12寸,215507042314,,1,泰式奶香芒果披萨12寸,0,0,0,0
155769322,南京市栖霞区迈皋桥街道华电路1号,芝多客PIZZA(迈皋桥店),4.5,32.10281,118.81501,[u'09:30/21:30'],351,4.9,0.7189586114819759,4.69009,0.99,5,4.9,披萨12寸,215507214346,,1,腊味风情披萨12寸,0,0,0,0
155769322,南京市栖霞区迈皋桥街道华电路1号,芝多客PIZZA(迈皋桥店),4.5,32.10281,118.81501,[u'09:30/21:30'],351,4.9,0.7189586114819759,4.69009,0.99,5,4.9,披萨12寸,215507997706,,4,新奥尔良烤鸡披萨12寸,4.33,3,3,100
155769322,南京市栖霞区迈皋桥街道华电路1号,芝多客PIZZA(迈皋桥店),4.5,32.10281,118.81501,[u'09:30/21:30'],351,4.9,0.7189586114819759,4.69009,0.99,5,4.9,披萨12寸,215508083722,,3,菠萝爱上虾披萨12寸,0,0,0,0
155769322,南京市栖霞区迈皋桥街道华电路1号,芝多客PIZZA(迈皋桥店),4.5,32.10281,118.81501,[u'09:30/21:30'],351,4.9,0.7189586114819759,4.69009,0.99,5,4.9,披萨12寸,215508188170,,1,美式精选披萨12寸,5.0,1,1,100
155769322,南京市栖霞区迈皋桥街道华电路1号,芝多客PIZZA(迈皋桥店),4.5,32.10281,118.81501,[u'09:30/21:30'],351,4.9,0.7189586114819759,4.69009,0.99,5,4.9,披萨12寸,215508554762,,5,猫山王榴莲披萨12寸,4.5,2,2,100
155769322,南京市栖霞区迈皋桥街道华电路1号,芝多客PIZZA(迈皋桥店),4.5,32.10281,118.81501,[u'09:30/21:30'],351,4.9,0.7189586114819759,4.69009,0.99,5,4.9,披萨12寸,215510281226,,1,水果缤纷披萨12寸,0,0,0,0
155769322,南京市栖霞区迈皋桥街道华电路1号,芝多客PIZZA(迈皋桥店),4.5,32.10281,118.81501,[u'09:30/21:30'],351,4.9,0.7189586114819759,4.69009,0.99,5,4.9,披萨12寸,215513755658,,1,风云再起披萨12寸,5.0,1,1,100
155769322,南京市栖霞区迈皋桥街道华电路1号,芝多客PIZZA(迈皋桥店),4.5,32.10281,118.81501,[u'09:30/21:30'],351,4.9,0.7189586114819759,4.69009,0.99,5,4.9,披萨12寸,253417038858,所有口味任选哦，亲记得备注,6,12寸任性双拼披萨,4.33,3,3,100
155769322,南京市栖霞区迈皋桥街道华电路1号,芝多客PIZZA(迈皋桥店),4.5,32.10281,118.81501,[u'09:30/21:30'],351,4.9,0.7189586114819759,4.69009,0.99,5,4.9,披萨12寸,200000096636158986,辣辣辣，重口味，奥尔良鸡丁，火腿，青椒，玉米，洋葱，高级奶酪,1,麻辣教父12寸,0,0,0,0
155769322,南京市栖霞区迈皋桥街道华电路1号,芝多客PIZZA(迈皋桥店),4.5,32.10281,118.81501,[u'09:30/21:30'],351,4.9,0.7189586114819759,4.69009,0.99,5,4.9,披萨焗饭意面另加馅料,215591567370,9寸,7,9寸加芝士,4.4,5,5,100
155769322,南京市栖霞区迈皋桥街道华电路1号,芝多客PIZZA(迈皋桥店),4.5,32.10281,118.81501,[u'09:30/21:30'],351,4.9,0.7189586114819759,4.69009,0.99,5,4.9,披萨焗饭意面另加馅料,215587123210,,3,12寸加芝士,0,0,0,0
155769322,南京市栖霞区迈皋桥街道华电路1号,芝多客PIZZA(迈皋桥店),4.5,32.10281,118.81501,[u'09:30/21:30'],351,4.9,0.7189586114819759,4.69009,0.99,5,4.9,披萨焗饭意面另加馅料,215590677514,,1,牛肉里脊,5.0,1,1,100
155769322,南京市栖霞区迈皋桥街道华电路1号,芝多客PIZZA(迈皋桥店),4.5,32.10281,118.81501,[u'09:30/21:30'],351,4.9,0.7189586114819759,4.69009,0.99,5,4.9,披萨焗饭意面另加馅料,215590699018,现剥，赞,1,新鲜虾仁,0,0,0,0
155769322,南京市栖霞区迈皋桥街道华电路1号,芝多客PIZZA(迈皋桥店),4.5,32.10281,118.81501,[u'09:30/21:30'],351,4.9,0.7189586114819759,4.69009,0.99,5,4.9,披萨焗饭意面另加馅料,215588330506,,1,菠萝,5.0,1,1,100
155769322,南京市栖霞区迈皋桥街道华电路1号,芝多客PIZZA(迈皋桥店),4.5,32.10281,118.81501,[u'09:30/21:30'],351,4.9,0.7189586114819759,4.69009,0.99,5,4.9,披萨焗饭意面另加馅料,215588370442,,1,黄桃,0,0,0,0
155769322,南京市栖霞区迈皋桥街道华电路1号,芝多客PIZZA(迈皋桥店),4.5,32.10281,118.81501,[u'09:30/21:30'],351,4.9,0.7189586114819759,4.69009,0.99,5,4.9,披萨焗饭意面另加馅料,215656123402,荷美尔培根,1,烟熏培根片,0,0,0,0
155769322,南京市栖霞区迈皋桥街道华电路1号,芝多客PIZZA(迈皋桥店),4.5,32.10281,118.81501,[u'09:30/21:30'],351,4.9,0.7189586114819759,4.69009,0.99,5,4.9,披萨焗饭意面另加馅料,200000047218167818,可加在披萨，焗饭，意大利面上,1,奥尔良鸡肉丁,5.0,1,1,100
1183015,南京市鼓楼区马台街137号102室,蘑菇餐厅（马台街店）,4.5,32.072694,118.772094,[u'10:30/20:20'],109,4.4,0.46617812852311163,3.69132,0.89,5,4.4,吐司披萨,200000119313750873,,15,德式烤肉披萨 ,4.5,2,2,100
1183015,南京市鼓楼区马台街137号102室,蘑菇餐厅（马台街店）,4.5,32.072694,118.772094,[u'10:30/20:20'],109,4.4,0.46617812852311163,3.69132,0.89,5,4.4,吐司披萨,200000119309217625,,3,夏威夷披萨,0,0,0,0
1183015,南京市鼓楼区马台街137号102室,蘑菇餐厅（马台街店）,4.5,32.072694,118.772094,[u'10:30/20:20'],109,4.4,0.46617812852311163,3.69132,0.89,5,4.4,薄饼披萨,114703570777,,2,榴莲薄饼披萨（8寸）,0,0,0,0
1183015,南京市鼓楼区马台街137号102室,蘑菇餐厅（马台街店）,4.5,32.072694,118.772094,[u'10:30/20:20'],109,4.4,0.46617812852311163,3.69132,0.89,5,4.4,薄饼披萨,114705793881,,4,牛肉蘑菇薄饼披萨（8寸）,2.0,1,0,0
1183015,南京市鼓楼区马台街137号102室,蘑菇餐厅（马台街店）,4.5,32.072694,118.772094,[u'10:30/20:20'],109,4.4,0.46617812852311163,3.69132,0.89,5,4.4,薄饼披萨,114707793753,,1,金色虾仁薄饼披萨（8寸）,0,0,0,0
1183015,南京市鼓楼区马台街137号102室,蘑菇餐厅（马台街店）,4.5,32.072694,118.772094,[u'10:30/20:20'],109,4.4,0.46617812852311163,3.69132,0.89,5,4.4,薄饼披萨,200000119311866713,,1,蔓越梅鸡肉披萨 薄饼8寸,0,0,0,0
1183015,南京市鼓楼区马台街137号102室,蘑菇餐厅（马台街店）,4.5,32.072694,118.772094,[u'10:30/20:20'],109,4.4,0.46617812852311163,3.69132,0.89,5,4.4,薄饼披萨,200000119304018777,,1,萨拉米肠蘑菇披萨 薄饼8寸,0,0,0,0
1183015,南京市鼓楼区马台街137号102室,蘑菇餐厅（马台街店）,4.5,32.072694,118.772094,[u'10:30/20:20'],109,4.4,0.46617812852311163,3.69132,0.89,5,4.4,薄饼披萨,200000119304234841,,2,经典芝士条披萨 薄饼8寸,4.5,2,2,100
49855,南京市玄武区锁金中学门面房,大叔家紫菜包饭天空披萨,3.5,32.071103,118.818614,[u'09:30/20:20'],210,5,0.6848837209302325,4.71591,1,5,5,天空披萨,138136567859,"肉类控和榴莲控都可以满足你
主要原料: 鸡肉, 培根, 洋葱, 彩椒",2,经典百乐榴莲双拼,0,0,0,0
49855,南京市玄武区锁金中学门面房,大叔家紫菜包饭天空披萨,3.5,32.071103,118.818614,[u'09:30/20:20'],210,5,0.6848837209302325,4.71591,1,5,5,天空披萨,1733983283,"马苏里拉芝士，新鲜榴莲肉，优质淡奶油
主要原料: 奶油, 榴莲",4,榴莲披萨,4.0,1,1,100
49855,南京市玄武区锁金中学门面房,大叔家紫菜包饭天空披萨,3.5,32.071103,118.818614,[u'09:30/20:20'],210,5,0.6848837209302325,4.71591,1,5,5,天空披萨,1733982259,"马苏里拉芝士，培根，烟熏鸡胸肉等
主要原料: 培根, 鸡肉, 洋葱, 彩椒",3,百乐披萨,0,0,0,0
49855,南京市玄武区锁金中学门面房,大叔家紫菜包饭天空披萨,3.5,32.071103,118.818614,[u'09:30/20:20'],210,5,0.6848837209302325,4.71591,1,5,5,天空披萨,1733984307,"马苏里拉芝士，意大利香肠，干罗勒等
主要原料: 五花肉",4,意式香肠披萨,0,0,0,0
49855,南京市玄武区锁金中学门面房,大叔家紫菜包饭天空披萨,3.5,32.071103,118.818614,[u'09:30/20:20'],210,5,0.6848837209302325,4.71591,1,5,5,天空披萨,1733981235,用进口西班牙香肠，马苏里拉芝士，香甜玉米粒等,3,西班牙香肠披萨,5.0,2,2,100
49855,南京市玄武区锁金中学门面房,大叔家紫菜包饭天空披萨,3.5,32.071103,118.818614,[u'09:30/20:20'],210,5,0.6848837209302325,4.71591,1,5,5,天空披萨,1733985331,马苏里拉芝士，蘑菇，方火腿干罗勒等,3,国王披萨,4.0,1,1,100
49855,南京市玄武区锁金中学门面房,大叔家紫菜包饭天空披萨,3.5,32.071103,118.818614,[u'09:30/20:20'],210,5,0.6848837209302325,4.71591,1,5,5,天空披萨,1733989427,奥尔良鸡柳，马苏里拉芝士等,7,奥尔良烤鸡柳披萨,4.0,1,1,100
49855,南京市玄武区锁金中学门面房,大叔家紫菜包饭天空披萨,3.5,32.071103,118.818614,[u'09:30/20:20'],210,5,0.6848837209302325,4.71591,1,5,5,天空披萨,1733986355,马苏里拉芝士，萨拉米香肠，鲜嫩玉米等,3,萨拉米披萨,0,0,0,0
49855,南京市玄武区锁金中学门面房,大叔家紫菜包饭天空披萨,3.5,32.071103,118.818614,[u'09:30/20:20'],210,5,0.6848837209302325,4.71591,1,5,5,天空披萨,1733991475,马苏里拉芝士，金枪鱼等,3,金枪鱼披萨,0,0,0,0
49855,南京市玄武区锁金中学门面房,大叔家紫菜包饭天空披萨,3.5,32.071103,118.818614,[u'09:30/20:20'],210,5,0.6848837209302325,4.71591,1,5,5,天空披萨,1733988403,马苏里拉芝士，菠萝，椰果，时令水果等,3,水果披萨,4.0,2,2,100
49855,南京市玄武区锁金中学门面房,大叔家紫菜包饭天空披萨,3.5,32.071103,118.818614,[u'09:30/20:20'],210,5,0.6848837209302325,4.71591,1,5,5,天空披萨,1733987379,马苏里拉芝士，进口乳酪，进口新鲜香蕉,5,重乳酪香蕉披萨,5.0,1,1,100
49855,南京市玄武区锁金中学门面房,大叔家紫菜包饭天空披萨,3.5,32.071103,118.818614,[u'09:30/20:20'],210,5,0.6848837209302325,4.71591,1,5,5,天空披萨,1733990451,马苏里拉芝士，MG芝士等,3,玛格丽特披萨,0,0,0,0
49855,南京市玄武区锁金中学门面房,大叔家紫菜包饭天空披萨,3.5,32.071103,118.818614,[u'09:30/20:20'],210,5,0.6848837209302325,4.71591,1,5,5,披萨加料,1733992499,,2,马苏里拉芝士,0,0,0,0
49855,南京市玄武区锁金中学门面房,大叔家紫菜包饭天空披萨,3.5,32.071103,118.818614,[u'09:30/20:20'],210,5,0.6848837209302325,4.71591,1,5,5,披萨加料,253433344051,培根片,1,荷美尔,0,0,0,0
49855,南京市玄武区锁金中学门面房,大叔家紫菜包饭天空披萨,3.5,32.071103,118.818614,[u'09:30/20:20'],210,5,0.6848837209302325,4.71591,1,5,5,披萨加料,1733994547,,1,火腿片,0,0,0,0
49855,南京市玄武区锁金中学门面房,大叔家紫菜包饭天空披萨,3.5,32.071103,118.818614,[u'09:30/20:20'],210,5,0.6848837209302325,4.71591,1,5,5,披萨加料,1733995571,,1,萨拉米肠,0,0,0,0
49855,南京市玄武区锁金中学门面房,大叔家紫菜包饭天空披萨,3.5,32.071103,118.818614,[u'09:30/20:20'],210,5,0.6848837209302325,4.71591,1,5,5,披萨加料,1733996595,,1,金枪鱼,0,0,0,0
49855,南京市玄武区锁金中学门面房,大叔家紫菜包饭天空披萨,3.5,32.071103,118.818614,[u'09:30/20:20'],210,5,0.6848837209302325,4.71591,1,5,5,披萨加料,1733997619,,1,意大利香肠,0,0,0,0
49855,南京市玄武区锁金中学门面房,大叔家紫菜包饭天空披萨,3.5,32.071103,118.818614,[u'09:30/20:20'],210,5,0.6848837209302325,4.71591,1,5,5,披萨加料,1733998643,仅限榴莲披萨加料,1,新鲜榴莲肉,0,0,0,0
49855,南京市玄武区锁金中学门面房,大叔家紫菜包饭天空披萨,3.5,32.071103,118.818614,[u'09:30/20:20'],210,5,0.6848837209302325,4.71591,1,5,5,披萨加料,1733999667,,1,玉米粒,0,0,0,0
155824658,南京市鼓楼区管家桥9号华新美食荟A6号商铺,尚品披萨（华新店）,7,32.042832,118.781668,[u'09:20/22:00'],911,4.8,0.5078566939032055,4.53637,0.95,4.96564,4.8,手工现烤披萨类,217860904048,披萨酱、洋葱、火腿、培根、牛肉粒、鸡肉粒、青椒、马苏里拉奶酪,25,7寸荤食一族披萨,4.0,5,4,80
155824658,南京市鼓楼区管家桥9号华新美食荟A6号商铺,尚品披萨（华新店）,7,32.042832,118.781668,[u'09:20/22:00'],911,4.8,0.5078566939032055,4.53637,0.95,4.96564,4.8,手工现烤披萨类,217857157232,披萨酱、火腿、培根、牛肉粒、鸡肉粒、青椒、马苏里拉奶酪,200,9寸荤食一族披萨,4.16,31,31,100
155824658,南京市鼓楼区管家桥9号华新美食荟A6号商铺,尚品披萨（华新店）,7,32.042832,118.781668,[u'09:20/22:00'],911,4.8,0.5078566939032055,4.53637,0.95,4.96564,4.8,手工现烤披萨类,217858105456,披萨酱、火腿、菠萝、马苏里拉奶酪,34,7寸夏威夷风光披萨,3.67,6,5,83
155824658,南京市鼓楼区管家桥9号华新美食荟A6号商铺,尚品披萨（华新店）,7,32.042832,118.781668,[u'09:20/22:00'],911,4.8,0.5078566939032055,4.53637,0.95,4.96564,4.8,手工现烤披萨类,217863032944,披萨酱、火腿、菠萝、马苏里拉奶酪,14,9寸夏威夷风光披萨,4.5,2,2,100
155824658,南京市鼓楼区管家桥9号华新美食荟A6号商铺,尚品披萨（华新店）,7,32.042832,118.781668,[u'09:20/22:00'],911,4.8,0.5078566939032055,4.53637,0.95,4.96564,4.8,手工现烤披萨类,217863921776,榴莲酱、马苏里拉奶酪,7,7寸榴莲爱上芝士披萨,4.0,1,1,100
155824658,南京市鼓楼区管家桥9号华新美食荟A6号商铺,尚品披萨（华新店）,7,32.042832,118.781668,[u'09:20/22:00'],911,4.8,0.5078566939032055,4.53637,0.95,4.96564,4.8,手工现烤披萨类,217857509488,榴莲、马苏里拉奶酪,33,9寸榴莲爱上芝士披萨,3.8,5,4,80
155824658,南京市鼓楼区管家桥9号华新美食荟A6号商铺,尚品披萨（华新店）,7,32.042832,118.781668,[u'09:20/22:00'],911,4.8,0.5078566939032055,4.53637,0.95,4.96564,4.8,手工现烤披萨类,217858531440,披萨酱、洋葱、培根、玉米粒、菠萝、青红椒、马苏里拉奶酪,2,7寸熏香培根披萨,0,0,0,0
155824658,南京市鼓楼区管家桥9号华新美食荟A6号商铺,尚品披萨（华新店）,7,32.042832,118.781668,[u'09:20/22:00'],911,4.8,0.5078566939032055,4.53637,0.95,4.96564,4.8,手工现烤披萨类,217864889456,黑椒酱、鸡肉、洋葱、青椒、马苏里拉奶酪,4,7寸嫩烤鸡肉披萨,0,0,0,0
155824658,南京市鼓楼区管家桥9号华新美食荟A6号商铺,尚品披萨（华新店）,7,32.042832,118.781668,[u'09:20/22:00'],911,4.8,0.5078566939032055,4.53637,0.95,4.96564,4.8,手工现烤披萨类,217865952368,黑椒酱、鸡肉、洋葱、青椒、马苏里拉奶酪,23,9寸嫩烤鸡肉披萨,4.5,4,4,100
155824658,南京市鼓楼区管家桥9号华新美食荟A6号商铺,尚品披萨（华新店）,7,32.042832,118.781668,[u'09:20/22:00'],911,4.8,0.5078566939032055,4.53637,0.95,4.96564,4.8,手工现烤披萨类,217865057392,黑椒酱、洋葱、牛肉粒、青椒、马苏里拉奶酪,1,7寸黑椒牛肉披萨,5.0,1,1,100
155824658,南京市鼓楼区管家桥9号华新美食荟A6号商铺,尚品披萨（华新店）,7,32.042832,118.781668,[u'09:20/22:00'],911,4.8,0.5078566939032055,4.53637,0.95,4.96564,4.8,手工现烤披萨类,217863641200,黑椒酱、牛肉粒、洋葱、青椒、马苏里拉奶酪,1,9寸黑椒牛肉披萨,0,0,0,0
155824658,南京市鼓楼区管家桥9号华新美食荟A6号商铺,尚品披萨（华新店）,7,32.042832,118.781668,[u'09:20/22:00'],911,4.8,0.5078566939032055,4.53637,0.95,4.96564,4.8,手工现烤披萨类,217869006960,秘制羊肉、洋葱、盐、马苏里拉奶酪,5,7寸嫩烤羊肉披萨,4.5,2,2,100
155824658,南京市鼓楼区管家桥9号华新美食荟A6号商铺,尚品披萨（华新店）,7,32.042832,118.781668,[u'09:20/22:00'],911,4.8,0.5078566939032055,4.53637,0.95,4.96564,4.8,手工现烤披萨类,217870095472,秘制羊肉、盐、洋葱、马苏里拉奶酪,5,9寸嫩烤羊肉披萨,0,0,0,0
155824658,南京市鼓楼区管家桥9号华新美食荟A6号商铺,尚品披萨（华新店）,7,32.042832,118.781668,[u'09:20/22:00'],911,4.8,0.5078566939032055,4.53637,0.95,4.96564,4.8,手工现烤披萨类,217873204336,披萨酱、黑椒酱、萨拉米肠片、牛肉粒、鸡肉粒、墨西哥辣椒、马苏里拉奶酪,1,7寸火辣墨西哥披萨,0,0,0,0
155824658,南京市鼓楼区管家桥9号华新美食荟A6号商铺,尚品披萨（华新店）,7,32.042832,118.781668,[u'09:20/22:00'],911,4.8,0.5078566939032055,4.53637,0.95,4.96564,4.8,手工现烤披萨类,217876102256,披萨酱、黑椒酱、萨拉米肠片、牛肉粒、鸡肉粒、墨西哥辣椒、马苏里拉奶酪,11,9寸火辣墨西哥披萨,0,0,0,0
155824658,南京市鼓楼区管家桥9号华新美食荟A6号商铺,尚品披萨（华新店）,7,32.042832,118.781668,[u'09:20/22:00'],911,4.8,0.5078566939032055,4.53637,0.95,4.96564,4.8,手工现烤披萨类,217877236848,披萨酱、培根、虾仁、菠萝、马苏里拉奶酪,1,7寸培根虾仁披萨,0,0,0,0
155824658,南京市鼓楼区管家桥9号华新美食荟A6号商铺,尚品披萨（华新店）,7,32.042832,118.781668,[u'09:20/22:00'],911,4.8,0.5078566939032055,4.53637,0.95,4.96564,4.8,手工现烤披萨类,217878261872,披萨酱、培根、虾仁、菠萝、马苏里拉奶酪,5,9寸培根虾仁披萨,5.0,1,1,100
155824658,南京市鼓楼区管家桥9号华新美食荟A6号商铺,尚品披萨（华新店）,7,32.042832,118.781668,[u'09:20/22:00'],911,4.8,0.5078566939032055,4.53637,0.95,4.96564,4.8,手工现烤披萨类,217875477616,黑椒酱、洋葱、鸡肉、菌菇、青椒、马苏里拉奶酪,3,7寸鸡肉菌菇披萨,0,0,0,0
155824658,南京市鼓楼区管家桥9号华新美食荟A6号商铺,尚品披萨（华新店）,7,32.042832,118.781668,[u'09:20/22:00'],911,4.8,0.5078566939032055,4.53637,0.95,4.96564,4.8,手工现烤披萨类,217875565680,披萨酱、洋葱、菌菇、鸡肉、青椒、马苏里拉奶酪,5,9寸鸡肉菌菇披萨,0,0,0,0
155824658,南京市鼓楼区管家桥9号华新美食荟A6号商铺,尚品披萨（华新店）,7,32.042832,118.781668,[u'09:20/22:00'],911,4.8,0.5078566939032055,4.53637,0.95,4.96564,4.8,手工现烤披萨类,217879372912,千岛酱、洋葱、金枪鱼、玉米粒、黑橄榄、青椒、马苏里拉奶酪,1,7寸海底金枪鱼披萨,5.0,1,1,100
155824658,南京市鼓楼区管家桥9号华新美食荟A6号商铺,尚品披萨（华新店）,7,32.042832,118.781668,[u'09:20/22:00'],911,4.8,0.5078566939032055,4.53637,0.95,4.96564,4.8,手工现烤披萨类,217878639728,千岛酱、洋葱、金枪鱼、玉米粒、黑橄榄、青椒、马苏里拉奶酪,1,9寸海底金枪鱼披萨,0,0,0,0
155824658,南京市鼓楼区管家桥9号华新美食荟A6号商铺,尚品披萨（华新店）,7,32.042832,118.781668,[u'09:20/22:00'],911,4.8,0.5078566939032055,4.53637,0.95,4.96564,4.8,手工现烤披萨类,217875923056,披萨酱、虾仁、鱿鱼圈、蟹柳、菠萝、马苏里拉奶酪,3,7寸至尊海鲜披萨,0,0,0,0
155824658,南京市鼓楼区管家桥9号华新美食荟A6号商铺,尚品披萨（华新店）,7,32.042832,118.781668,[u'09:20/22:00'],911,4.8,0.5078566939032055,4.53637,0.95,4.96564,4.8,手工现烤披萨类,217876915312,披萨酱、虾仁、鱿鱼圈、蟹柳、菠萝、马苏里拉奶酪,9,9寸至尊海鲜披萨,4.67,3,3,100
155824658,南京市鼓楼区管家桥9号华新美食荟A6号商铺,尚品披萨（华新店）,7,32.042832,118.781668,[u'09:20/22:00'],911,4.8,0.5078566939032055,4.53637,0.95,4.96564,4.8,手工现烤披萨类,217878888560,披萨酱、辣椒粉、萨拉米肠片、鸡肉粒、牛肉粒、马苏里拉奶酪,1,7寸萨拉米肠片披萨,0,0,0,0
155824658,南京市鼓楼区管家桥9号华新美食荟A6号商铺,尚品披萨（华新店）,7,32.042832,118.781668,[u'09:20/22:00'],911,4.8,0.5078566939032055,4.53637,0.95,4.96564,4.8,手工现烤披萨类,217883333744,披萨酱、辣椒粉、萨拉米肠片、鸡肉粒、牛肉粒、马苏里拉奶酪,2,9寸萨拉米肠片披萨,4.0,1,1,100
155824658,南京市鼓楼区管家桥9号华新美食荟A6号商铺,尚品披萨（华新店）,7,32.042832,118.781668,[u'09:20/22:00'],911,4.8,0.5078566939032055,4.53637,0.95,4.96564,4.8,手工现烤披萨类,217882771568,水果酱、香蕉、菠萝、马苏里拉奶酪,13,7寸香蕉水果披萨,0,0,0,0
155824658,南京市鼓楼区管家桥9号华新美食荟A6号商铺,尚品披萨（华新店）,7,32.042832,118.781668,[u'09:20/22:00'],911,4.8,0.5078566939032055,4.53637,0.95,4.96564,4.8,手工现烤披萨类,217881861232,水果酱、香蕉、菠萝、马苏里拉奶酪,12,9寸香蕉水果披萨,4.25,4,4,100
155824658,南京市鼓楼区管家桥9号华新美食荟A6号商铺,尚品披萨（华新店）,7,32.042832,118.781668,[u'09:20/22:00'],911,4.8,0.5078566939032055,4.53637,0.95,4.96564,4.8,手工现烤披萨类,217882989680,披萨酱、洋葱、菠萝、玉米粒、葡萄干、青椒、马苏里拉奶酪,2,7寸田园风光披萨,0,0,0,0
155824658,南京市鼓楼区管家桥9号华新美食荟A6号商铺,尚品披萨（华新店）,7,32.042832,118.781668,[u'09:20/22:00'],911,4.8,0.5078566939032055,4.53637,0.95,4.96564,4.8,手工现烤披萨类,217886554224,披萨酱、洋葱、菠萝、玉米粒、青椒、葡萄干、马苏里拉奶酪,3,9寸田园风光披萨,4.0,1,1,100
155824658,南京市鼓楼区管家桥9号华新美食荟A6号商铺,尚品披萨（华新店）,7,32.042832,118.781668,[u'09:20/22:00'],911,4.8,0.5078566939032055,4.53637,0.95,4.96564,4.8,手工现烤披萨类,217886661744,披萨酱、杏鲍菇、香菇、口蘑、青椒、马苏里拉奶酪,1,7寸养生菌菇披萨,0,0,0,0
155824658,南京市鼓楼区管家桥9号华新美食荟A6号商铺,尚品披萨（华新店）,7,32.042832,118.781668,[u'09:20/22:00'],911,4.8,0.5078566939032055,4.53637,0.95,4.96564,4.8,手工现烤披萨类,217885884528,披萨酱、洋葱、杏鲍菇、香菇、口蘑、青椒、马苏里拉奶酪,1,9寸养生菌菇披萨,0,0,0,0
155824658,南京市鼓楼区管家桥9号华新美食荟A6号商铺,尚品披萨（华新店）,7,32.042832,118.781668,[u'09:20/22:00'],911,4.8,0.5078566939032055,4.53637,0.95,4.96564,4.8,手工现烤披萨类,217888026736,水果酱、香蕉、黄桃、马苏里拉奶酪,3,7寸黄桃水果披萨,4.0,1,1,100
155824658,南京市鼓楼区管家桥9号华新美食荟A6号商铺,尚品披萨（华新店）,7,32.042832,118.781668,[u'09:20/22:00'],911,4.8,0.5078566939032055,4.53637,0.95,4.96564,4.8,手工现烤披萨类,217889661040,水果酱、香蕉、黄桃、马苏里拉奶酪,5,9寸黄桃水果披萨,4.0,3,3,100
155824658,南京市鼓楼区管家桥9号华新美食荟A6号商铺,尚品披萨（华新店）,7,32.042832,118.781668,[u'09:20/22:00'],911,4.8,0.5078566939032055,4.53637,0.95,4.96564,4.8,手工现烤披萨类,217892472944,披萨酱、马苏里拉奶酪,8,7寸玛格丽特披萨,4.0,1,1,100
155824658,南京市鼓楼区管家桥9号华新美食荟A6号商铺,尚品披萨（华新店）,7,32.042832,118.781668,[u'09:20/22:00'],911,4.8,0.5078566939032055,4.53637,0.95,4.96564,4.8,手工现烤披萨类,217892528240,披萨酱、马苏里拉奶酪,1,9寸玛格丽特披萨,0,0,0,0
155824658,南京市鼓楼区管家桥9号华新美食荟A6号商铺,尚品披萨（华新店）,7,32.042832,118.781668,[u'09:20/22:00'],911,4.8,0.5078566939032055,4.53637,0.95,4.96564,4.8,手工现烤披萨类,218365595760,披萨酱、洋葱、培根、玉米粒、菠萝、青椒、马苏里拉奶酪,1,9寸熏香培根披萨,0,0,0,0
155824658,南京市鼓楼区管家桥9号华新美食荟A6号商铺,尚品披萨（华新店）,7,32.042832,118.781668,[u'09:20/22:00'],911,4.8,0.5078566939032055,4.53637,0.95,4.96564,4.8,手工现烤披萨类,200000109999724656,披萨酱、洋葱、火腿、培根、鸡肉粒、牛肉粒、青椒、马苏里拉奶酪,6,9寸至尊荤食一族披萨,4.0,2,2,100
155824658,南京市鼓楼区管家桥9号华新美食荟A6号商铺,尚品披萨（华新店）,7,32.042832,118.781668,[u'09:20/22:00'],911,4.8,0.5078566939032055,4.53637,0.95,4.96564,4.8,手工现烤披萨类,200000176081549424,金枕榴莲、马苏里拉奶酪、菠萝,2,7英寸榴莲爱上菠萝披萨,0,0,0,0
155824658,南京市鼓楼区管家桥9号华新美食荟A6号商铺,尚品披萨（华新店）,7,32.042832,118.781668,[u'09:20/22:00'],911,4.8,0.5078566939032055,4.53637,0.95,4.96564,4.8,手工现烤披萨类,200000176075186288,金枕榴莲、马苏里拉奶酪、菠萝,1,9英寸榴莲爱上菠萝披萨,0,0,0,0
155824658,南京市鼓楼区管家桥9号华新美食荟A6号商铺,尚品披萨（华新店）,7,32.042832,118.781668,[u'09:20/22:00'],911,4.8,0.5078566939032055,4.53637,0.95,4.96564,4.8,手工现烤披萨类,200000176091444336,金枕榴莲、马苏里拉奶酪、红豆,0,7英寸榴莲爱上红豆披萨,0,0,0,0
155824658,南京市鼓楼区管家桥9号华新美食荟A6号商铺,尚品披萨（华新店）,7,32.042832,118.781668,[u'09:20/22:00'],911,4.8,0.5078566939032055,4.53637,0.95,4.96564,4.8,手工现烤披萨类,200000176091526256,金枕榴莲、马苏里拉奶酪、红豆,0,9英寸榴莲爱上红豆披萨,0,0,0,0
155824658,南京市鼓楼区管家桥9号华新美食荟A6号商铺,尚品披萨（华新店）,7,32.042832,118.781668,[u'09:20/22:00'],911,4.8,0.5078566939032055,4.53637,0.95,4.96564,4.8,手工现烤披萨类,200000176086905968,金枕榴莲、马苏里拉奶酪、黄桃,1,7英寸榴莲爱上黄桃披萨,0,0,0,0
155824658,南京市鼓楼区管家桥9号华新美食荟A6号商铺,尚品披萨（华新店）,7,32.042832,118.781668,[u'09:20/22:00'],911,4.8,0.5078566939032055,4.53637,0.95,4.96564,4.8,手工现烤披萨类,200000176096266352,金枕榴莲、马苏里拉奶酪、黄桃,0,9英寸榴莲爱上黄桃披萨,0,0,0,0
155824658,南京市鼓楼区管家桥9号华新美食荟A6号商铺,尚品披萨（华新店）,7,32.042832,118.781668,[u'09:20/22:00'],911,4.8,0.5078566939032055,4.53637,0.95,4.96564,4.8,手工现烤披萨类,217892740208,加倍芝士是加在披萨或饭上面的，不能单独点！,1,7寸加倍芝士,0,0,0,0
155824658,南京市鼓楼区管家桥9号华新美食荟A6号商铺,尚品披萨（华新店）,7,32.042832,118.781668,[u'09:20/22:00'],911,4.8,0.5078566939032055,4.53637,0.95,4.96564,4.8,手工现烤披萨类,217893762160,加倍芝士是加在披萨或饭上面的，不能单独点！,2,9寸加倍芝士,0,0,0,0
155824658,南京市鼓楼区管家桥9号华新美食荟A6号商铺,尚品披萨（华新店）,7,32.042832,118.781668,[u'09:20/22:00'],911,4.8,0.5078566939032055,4.53637,0.95,4.96564,4.8,手工现烤披萨类,217892604016,小袋沙司,5,袋沙司,4.0,1,1,100
155824658,南京市鼓楼区管家桥9号华新美食荟A6号商铺,尚品披萨（华新店）,7,32.042832,118.781668,[u'09:20/22:00'],911,4.8,0.5078566939032055,4.53637,0.95,4.96564,4.8,芝心披萨,200000110690674800,披萨酱、洋葱、火腿、培根、鸡肉粒、牛肉粒、青椒、马苏里拉奶酪,5,7英寸芝心至尊荤食一族披萨,0,0,0,0
155824658,南京市鼓楼区管家桥9号华新美食荟A6号商铺,尚品披萨（华新店）,7,32.042832,118.781668,[u'09:20/22:00'],911,4.8,0.5078566939032055,4.53637,0.95,4.96564,4.8,芝心披萨,200000110694215792,披萨酱、洋葱、火腿、培根、牛肉粒、鸡肉粒、青椒、马苏里拉奶酪,5,9英寸芝心至尊荤食一族披萨,4.0,1,1,100
155824658,南京市鼓楼区管家桥9号华新美食荟A6号商铺,尚品披萨（华新店）,7,32.042832,118.781668,[u'09:20/22:00'],911,4.8,0.5078566939032055,4.53637,0.95,4.96564,4.8,芝心披萨,200000110690815088,披萨酱、火腿、菠萝、马苏里拉奶酪,1,7英寸芝心夏威夷风情披萨,5.0,1,1,100
155824658,南京市鼓楼区管家桥9号华新美食荟A6号商铺,尚品披萨（华新店）,7,32.042832,118.781668,[u'09:20/22:00'],911,4.8,0.5078566939032055,4.53637,0.95,4.96564,4.8,芝心披萨,200000110694354032,披萨酱、火腿、菠萝、马苏里拉奶酪,1,9英寸芝心夏威夷风情披萨,4.0,1,1,100
155824658,南京市鼓楼区管家桥9号华新美食荟A6号商铺,尚品披萨（华新店）,7,32.042832,118.781668,[u'09:20/22:00'],911,4.8,0.5078566939032055,4.53637,0.95,4.96564,4.8,芝心披萨,200000110699501680,水果酱、香蕉、菠萝、马苏里拉奶酪,1,7英寸芝心香蕉水果披萨,0,0,0,0
155824658,南京市鼓楼区管家桥9号华新美食荟A6号商铺,尚品披萨（华新店）,7,32.042832,118.781668,[u'09:20/22:00'],911,4.8,0.5078566939032055,4.53637,0.95,4.96564,4.8,芝心披萨,200000110691080304,水果酱、香蕉、菠萝、马苏里拉奶酪,3,9英寸芝心香蕉水果披萨,4.0,1,1,100
155824658,南京市鼓楼区管家桥9号华新美食荟A6号商铺,尚品披萨（华新店）,7,32.042832,118.781668,[u'09:20/22:00'],911,4.8,0.5078566939032055,4.53637,0.95,4.96564,4.8,芝心披萨,200000110699746416,水果酱、香蕉、黄桃、马苏里拉奶酪,3,7英寸芝心黄桃水果披萨,4.0,2,2,100
155824658,南京市鼓楼区管家桥9号华新美食荟A6号商铺,尚品披萨（华新店）,7,32.042832,118.781668,[u'09:20/22:00'],911,4.8,0.5078566939032055,4.53637,0.95,4.96564,4.8,芝心披萨,200000110691251312,水果酱、香蕉、黄桃、马苏里拉奶酪,1,9英寸芝心黄桃水果披萨,0,0,0,0
155824658,南京市鼓楼区管家桥9号华新美食荟A6号商铺,尚品披萨（华新店）,7,32.042832,118.781668,[u'09:20/22:00'],911,4.8,0.5078566939032055,4.53637,0.95,4.96564,4.8,芝心披萨,200000110694806640,黑椒酱、洋葱、鸡肉、青椒、马苏里拉奶酪,1,7英寸芝心嫩烤鸡肉披萨,0,0,0,0
155824658,南京市鼓楼区管家桥9号华新美食荟A6号商铺,尚品披萨（华新店）,7,32.042832,118.781668,[u'09:20/22:00'],911,4.8,0.5078566939032055,4.53637,0.95,4.96564,4.8,芝心披萨,200000110694852720,黑椒酱、洋葱、鸡肉、青椒、马苏里拉奶酪,1,9英寸芝心嫩烤鸡肉披萨,0,0,0,0
155824658,南京市鼓楼区管家桥9号华新美食荟A6号商铺,尚品披萨（华新店）,7,32.042832,118.781668,[u'09:20/22:00'],911,4.8,0.5078566939032055,4.53637,0.95,4.96564,4.8,芝心披萨,200000110703915120,水果酱、特制榴莲泥、马苏里拉奶酪,8,7英寸芝心榴莲爱上芝士披萨,4.0,3,3,100
155824658,南京市鼓楼区管家桥9号华新美食荟A6号商铺,尚品披萨（华新店）,7,32.042832,118.781668,[u'09:20/22:00'],911,4.8,0.5078566939032055,4.53637,0.95,4.96564,4.8,芝心披萨,200000110700047472,水果酱、秘制榴莲泥、马苏里拉奶酪,2,9英寸芝心榴莲爱上芝士披萨,0,0,0,0
155824658,南京市鼓楼区管家桥9号华新美食荟A6号商铺,尚品披萨（华新店）,7,32.042832,118.781668,[u'09:20/22:00'],911,4.8,0.5078566939032055,4.53637,0.95,4.96564,4.8,芝心披萨,200000110704128112,披萨酱、洋葱、培根、菠萝、彩豆、青椒、马苏里拉奶酪,1,7英寸芝心熏香培根披萨,0,0,0,0
155824658,南京市鼓楼区管家桥9号华新美食荟A6号商铺,尚品披萨（华新店）,7,32.042832,118.781668,[u'09:20/22:00'],911,4.8,0.5078566939032055,4.53637,0.95,4.96564,4.8,芝心披萨,200000110704161904,披萨酱、洋葱、培根、菠萝、彩豆、青椒、马苏里拉奶酪,1,9英寸芝心熏香培根披萨,0,0,0,0
155824658,南京市鼓楼区管家桥9号华新美食荟A6号商铺,尚品披萨（华新店）,7,32.042832,118.781668,[u'09:20/22:00'],911,4.8,0.5078566939032055,4.53637,0.95,4.96564,4.8,芝心披萨,200000110691743856,黑椒酱、披萨酱、萨拉米肠片、鸡肉粒、牛肉粒、墨西哥辣椒、马苏里拉奶酪,1,7英寸芝心火辣墨西哥披萨,0,0,0,0
155824658,南京市鼓楼区管家桥9号华新美食荟A6号商铺,尚品披萨（华新店）,7,32.042832,118.781668,[u'09:20/22:00'],911,4.8,0.5078566939032055,4.53637,0.95,4.96564,4.8,芝心披萨,200000110695337072,披萨酱、黑椒酱、萨拉米肠片、鸡肉粒、牛肉粒、墨西哥辣椒、马苏里拉奶酪,1,9英寸芝心火辣墨西哥披萨,4.0,1,1,100
155824658,南京市鼓楼区管家桥9号华新美食荟A6号商铺,尚品披萨（华新店）,7,32.042832,118.781668,[u'09:20/22:00'],911,4.8,0.5078566939032055,4.53637,0.95,4.96564,4.8,芝心披萨,200000110692241520,洋葱、盐、秘制羊肉、青椒、马苏里拉奶酪,1,7英寸芝心嫩烤羊肉披萨,0,0,0,0
155824658,南京市鼓楼区管家桥9号华新美食荟A6号商铺,尚品披萨（华新店）,7,32.042832,118.781668,[u'09:20/22:00'],911,4.8,0.5078566939032055,4.53637,0.95,4.96564,4.8,芝心披萨,200000110692325488,洋葱、盐、秘制羊肉、青椒、马苏里拉奶酪,1,9英寸芝心嫩烤羊肉披萨,0,0,0,0
155824658,南京市鼓楼区管家桥9号华新美食荟A6号商铺,尚品披萨（华新店）,7,32.042832,118.781668,[u'09:20/22:00'],911,4.8,0.5078566939032055,4.53637,0.95,4.96564,4.8,芝心披萨,200000110704834672,披萨酱、洋葱、菠萝、彩豆、青椒、马苏里拉奶酪,2,7英寸芝心田园风光披萨,0,0,0,0
155824658,南京市鼓楼区管家桥9号华新美食荟A6号商铺,尚品披萨（华新店）,7,32.042832,118.781668,[u'09:20/22:00'],911,4.8,0.5078566939032055,4.53637,0.95,4.96564,4.8,芝心披萨,200000110704890992,披萨酱、洋葱、菠萝、彩豆、青椒、马苏里拉奶酪,4,9英寸芝心田园素食风光披萨,0,0,0,0
155824658,南京市鼓楼区管家桥9号华新美食荟A6号商铺,尚品披萨（华新店）,7,32.042832,118.781668,[u'09:20/22:00'],911,4.8,0.5078566939032055,4.53637,0.95,4.96564,4.8,芝心披萨,200000110692480112,千岛酱、洋葱、金枪鱼、彩豆、青椒、马苏里拉奶酪,1,7英寸芝心海底金枪鱼披萨,4.0,1,1,100
155824658,南京市鼓楼区管家桥9号华新美食荟A6号商铺,尚品披萨（华新店）,7,32.042832,118.781668,[u'09:20/22:00'],911,4.8,0.5078566939032055,4.53637,0.95,4.96564,4.8,芝心披萨,200000110701079664,千岛酱、洋葱、金枪鱼、彩豆、青椒、马苏里拉奶酪,1,9英寸芝心海底金枪鱼披萨,4.0,1,1,100
155824658,南京市鼓楼区管家桥9号华新美食荟A6号商铺,尚品披萨（华新店）,7,32.042832,118.781668,[u'09:20/22:00'],911,4.8,0.5078566939032055,4.53637,0.95,4.96564,4.8,芝心披萨,200000110705084528,披萨酱、鱿鱼、虾仁、菠萝、蟹棒、马苏里拉奶酪,1,7英寸芝心至尊海鲜披萨,0,0,0,0
155824658,南京市鼓楼区管家桥9号华新美食荟A6号商铺,尚品披萨（华新店）,7,32.042832,118.781668,[u'09:20/22:00'],911,4.8,0.5078566939032055,4.53637,0.95,4.96564,4.8,芝心披萨,200000110705125488,披萨酱、鱿鱼、虾仁、蟹棒、菠萝、马苏里拉奶酪,1,9英寸芝心至尊海鲜披萨,0,0,0,0
155824658,南京市鼓楼区管家桥9号华新美食荟A6号商铺,尚品披萨（华新店）,7,32.042832,118.781668,[u'09:20/22:00'],911,4.8,0.5078566939032055,4.53637,0.95,4.96564,4.8,芝心披萨,200000110705194096,水果酱、蜜豆、红豆、马苏里拉奶酪,2,7英寸芝心蜜豆之恋披萨,4.0,1,1,100
155824658,南京市鼓楼区管家桥9号华新美食荟A6号商铺,尚品披萨（华新店）,7,32.042832,118.781668,[u'09:20/22:00'],911,4.8,0.5078566939032055,4.53637,0.95,4.96564,4.8,芝心披萨,200000110705236080,水果酱、蜜豆、红豆、马苏里拉奶酪,0,9英寸芝心蜜豆之恋披萨,0,0,0,0
155824658,南京市鼓楼区管家桥9号华新美食荟A6号商铺,尚品披萨（华新店）,7,32.042832,118.781668,[u'09:20/22:00'],911,4.8,0.5078566939032055,4.53637,0.95,4.96564,4.8,芝心披萨,200000110701578352,披萨酱、洋葱、菌菇、鸡肉、青椒、马苏里拉奶酪,1,7英寸芝心嫩烤鸡肉蘑菇披萨,0,0,0,0
155824658,南京市鼓楼区管家桥9号华新美食荟A6号商铺,尚品披萨（华新店）,7,32.042832,118.781668,[u'09:20/22:00'],911,4.8,0.5078566939032055,4.53637,0.95,4.96564,4.8,芝心披萨,200000110696473712,披萨酱、菌菇、洋葱、鸡肉、青椒、马苏里拉奶酪,1,9英寸芝心嫩烤鸡肉菌菇披萨,0,0,0,0
155824658,南京市鼓楼区管家桥9号华新美食荟A6号商铺,尚品披萨（华新店）,7,32.042832,118.781668,[u'09:20/22:00'],911,4.8,0.5078566939032055,4.53637,0.95,4.96564,4.8,芝心披萨,200000110696524912,披萨酱、辣椒面、萨拉米肠片、牛肉粒、鸡肉粒、马苏里拉奶酪,1,7英寸芝心萨拉米肠片披萨,0,0,0,0
155824658,南京市鼓楼区管家桥9号华新美食荟A6号商铺,尚品披萨（华新店）,7,32.042832,118.781668,[u'09:20/22:00'],911,4.8,0.5078566939032055,4.53637,0.95,4.96564,4.8,芝心披萨,200000110701720688,披萨酱、辣椒面、鸡肉粒、牛肉粒、萨拉米肠片、马苏里拉奶酪,1,9英寸芝心萨拉米肠片披萨,5.0,1,1,100
155824658,南京市鼓楼区管家桥9号华新美食荟A6号商铺,尚品披萨（华新店）,7,32.042832,118.781668,[u'09:20/22:00'],911,4.8,0.5078566939032055,4.53637,0.95,4.96564,4.8,芝心披萨,200000110696622192,披萨酱、杏鲍菇、香菇、口蘑、洋葱、青椒、马苏里拉奶酪,1,7英寸芝心养生菌菇披萨,5.0,1,1,100
155824658,南京市鼓楼区管家桥9号华新美食荟A6号商铺,尚品披萨（华新店）,7,32.042832,118.781668,[u'09:20/22:00'],911,4.8,0.5078566939032055,4.53637,0.95,4.96564,4.8,芝心披萨,200000110696641648,披萨酱、洋葱、杏鲍菇、香菇、口蘑、青椒、马苏里拉奶酪,1,9英寸芝心养生菌菇披萨,0,0,0,0
155824658,南京市鼓楼区管家桥9号华新美食荟A6号商铺,尚品披萨（华新店）,7,32.042832,118.781668,[u'09:20/22:00'],911,4.8,0.5078566939032055,4.53637,0.95,4.96564,4.8,芝心披萨,200000110701865072,披萨酱、马苏里拉奶酪,3,7英寸芝心玛格丽特披萨,4.0,2,2,100
155824658,南京市鼓楼区管家桥9号华新美食荟A6号商铺,尚品披萨（华新店）,7,32.042832,118.781668,[u'09:20/22:00'],911,4.8,0.5078566939032055,4.53637,0.95,4.96564,4.8,芝心披萨,200000110696711280,披萨酱、马苏里拉奶酪,1,9英寸芝心玛格丽特披萨,0,0,0,0
155824658,南京市鼓楼区管家桥9号华新美食荟A6号商铺,尚品披萨（华新店）,7,32.042832,118.781668,[u'09:20/22:00'],911,4.8,0.5078566939032055,4.53637,0.95,4.96564,4.8,芝心披萨,200000110706137200,黑椒酱、洋葱、牛肉粒、青椒、马苏里拉奶酪,1,7英寸芝心黑椒牛肉披萨,0,0,0,0
155824658,南京市鼓楼区管家桥9号华新美食荟A6号商铺,尚品披萨（华新店）,7,32.042832,118.781668,[u'09:20/22:00'],911,4.8,0.5078566939032055,4.53637,0.95,4.96564,4.8,芝心披萨,200000110702309488,黑椒酱、洋葱、牛肉粒、青椒、马苏里拉奶酪,1,9英寸芝心黑椒牛肉披萨,0,0,0,0
155824658,南京市鼓楼区管家桥9号华新美食荟A6号商铺,尚品披萨（华新店）,7,32.042832,118.781668,[u'09:20/22:00'],911,4.8,0.5078566939032055,4.53637,0.95,4.96564,4.8,芝心披萨,200000110706232432,披萨酱、培根、虾仁、菠萝、马苏里拉奶酪,1,7英寸芝心培根虾仁披萨,0,0,0,0
155824658,南京市鼓楼区管家桥9号华新美食荟A6号商铺,尚品披萨（华新店）,7,32.042832,118.781668,[u'09:20/22:00'],911,4.8,0.5078566939032055,4.53637,0.95,4.96564,4.8,芝心披萨,200000110709220464,披萨酱、培根、虾仁、菠萝、马苏里拉奶酪,1,9英寸芝心培根虾仁披萨,0,0,0,0
155824658,南京市鼓楼区管家桥9号华新美食荟A6号商铺,尚品披萨（华新店）,7,32.042832,118.781668,[u'09:20/22:00'],911,4.8,0.5078566939032055,4.53637,0.95,4.96564,4.8,芝心披萨,200000176092609648,芝士棒、榴莲、马苏里拉奶酪、菠萝,1,7英寸芝心榴莲爱上菠萝披萨,0,0,0,0
155824658,南京市鼓楼区管家桥9号华新美食荟A6号商铺,尚品披萨（华新店）,7,32.042832,118.781668,[u'09:20/22:00'],911,4.8,0.5078566939032055,4.53637,0.95,4.96564,4.8,芝心披萨,200000176088698992,芝士条、榴莲、马苏里拉奶酪、菠萝,1,9英寸芝心榴莲爱上菠萝披萨,5.0,1,1,100
155824658,南京市鼓楼区管家桥9号华新美食荟A6号商铺,尚品披萨（华新店）,7,32.042832,118.781668,[u'09:20/22:00'],911,4.8,0.5078566939032055,4.53637,0.95,4.96564,4.8,芝心披萨,200000176093480048,芝士条、榴莲、马苏里拉奶酪、红豆,0,7英寸芝心榴莲爱上红豆披萨,0,0,0,0
155824658,南京市鼓楼区管家桥9号华新美食荟A6号商铺,尚品披萨（华新店）,7,32.042832,118.781668,[u'09:20/22:00'],911,4.8,0.5078566939032055,4.53637,0.95,4.96564,4.8,芝心披萨,200000176084370544,芝士条、榴莲、马苏里拉奶酪、红豆,0,9英寸芝心榴莲爱上红豆披萨,0,0,0,0
155824658,南京市鼓楼区管家桥9号华新美食荟A6号商铺,尚品披萨（华新店）,7,32.042832,118.781668,[u'09:20/22:00'],911,4.8,0.5078566939032055,4.53637,0.95,4.96564,4.8,芝心披萨,200000176097801328,芝士条、榴莲、马苏里拉奶酪、黄桃,0,7英寸芝心榴莲爱上黄桃披萨,0,0,0,0
155824658,南京市鼓楼区管家桥9号华新美食荟A6号商铺,尚品披萨（华新店）,7,32.042832,118.781668,[u'09:20/22:00'],911,4.8,0.5078566939032055,4.53637,0.95,4.96564,4.8,芝心披萨,200000176089704560,芝士条、榴莲、马苏里拉奶酪、黄桃,0,9英寸芝心榴莲爱上黄桃披萨,0,0,0,0
155824658,南京市鼓楼区管家桥9号华新美食荟A6号商铺,尚品披萨（华新店）,7,32.042832,118.781668,[u'09:20/22:00'],911,4.8,0.5078566939032055,4.53637,0.95,4.96564,4.8,芝心披萨,200000110706406512,,9,小袋沙司,0,0,0,0
155824658,南京市鼓楼区管家桥9号华新美食荟A6号商铺,尚品披萨（华新店）,7,32.042832,118.781668,[u'09:20/22:00'],911,4.8,0.5078566939032055,4.53637,0.95,4.96564,4.8,芝心披萨,200000110709355632,不能单点，是加在披萨或焗饭上面的，芝士爱好者的最爱,1,9英寸加倍芝士,0,0,0,0
155824658,南京市鼓楼区管家桥9号华新美食荟A6号商铺,尚品披萨（华新店）,7,32.042832,118.781668,[u'09:20/22:00'],911,4.8,0.5078566939032055,4.53637,0.95,4.96564,4.8,芝心披萨,200000110697284720,不能单点，是加在披萨或焗饭上面的，芝士爱好者的最爱,3,7英寸加倍芝士,4.0,1,1,100
156058606,南京市玄武区珠江路688-21号,芝多客PIZZA（珠江路店）,4,32.046446,118.803592,[u'10:00/23:00'],7,4.6,0.3717535951921013,4.41646,0.91,4.71492,4.6,现烤披萨9寸,200000080143719963,意式火腿，泰国小菠萝，马苏里拉高级奶酪,1,9寸夏威夷风情披萨,0,0,0,0
156058606,南京市玄武区珠江路688-21号,芝多客PIZZA（珠江路店）,4,32.046446,118.803592,[u'10:00/23:00'],7,4.6,0.3717535951921013,4.41646,0.91,4.71492,4.6,现烤披萨9寸,200000080147517979,烤奥尔良鸡腿肉，烟熏培根片，蘑菇，青椒 ，玉米，马苏里拉高级奶酪,1,9寸新奥尔良披萨,4.0,1,1,100
156058606,南京市玄武区珠江路688-21号,芝多客PIZZA（珠江路店）,4,32.046446,118.803592,[u'10:00/23:00'],7,4.6,0.3717535951921013,4.41646,0.91,4.71492,4.6,现烤披萨9寸,200000080141387291,【倾情推荐】芒果控的最爱！,1,9寸香浓芒果披萨,0,0,0,0
156058606,南京市玄武区珠江路688-21号,芝多客PIZZA（珠江路店）,4,32.046446,118.803592,[u'10:00/23:00'],7,4.6,0.3717535951921013,4.41646,0.91,4.71492,4.6,现烤披萨9寸,200000080132058651,青椒，洋葱，培根，玉米、马苏里拉高级乳酪,1,9寸法式经典培根披萨,0,0,0,0
156058606,南京市玄武区珠江路688-21号,芝多客PIZZA（珠江路店）,4,32.046446,118.803592,[u'10:00/23:00'],7,4.6,0.3717535951921013,4.41646,0.91,4.71492,4.6,现烤披萨9寸,200000080147477019,一次可以吃到两种口味，记得备注哦。,1,9寸任性双拼披萨,0,0,0,0
156058606,南京市玄武区珠江路688-21号,芝多客PIZZA（珠江路店）,4,32.046446,118.803592,[u'10:00/23:00'],7,4.6,0.3717535951921013,4.41646,0.91,4.71492,4.6,现烤披萨9寸,200000080338789915,方腿，培根，腿排丁，牛肉，青椒，蘑菇，玉米，菠萝，再加上满满的芝士！,1,9寸无敌至尊披萨,4.0,1,1,100
156058606,南京市玄武区珠江路688-21号,芝多客PIZZA（珠江路店）,4,32.046446,118.803592,[u'10:00/23:00'],7,4.6,0.3717535951921013,4.41646,0.91,4.71492,4.6,现烤披萨9寸,200000080147929627,菠萝爱上虾，满满的芝士！,1,9寸菠萝爱上虾披萨,0,0,0,0
156058606,南京市玄武区珠江路688-21号,芝多客PIZZA（珠江路店）,4,32.046446,118.803592,[u'10:00/23:00'],7,4.6,0.3717535951921013,4.41646,0.91,4.71492,4.6,现烤披萨9寸,200000080148071963,奥尔良鸡肉，牛肉，青椒，洋葱，蘑菇，马苏里拉高级奶酪,1,9寸美式精选披萨,0,0,0,0
156058606,南京市玄武区珠江路688-21号,芝多客PIZZA（珠江路店）,4,32.046446,118.803592,[u'10:00/23:00'],7,4.6,0.3717535951921013,4.41646,0.91,4.71492,4.6,现烤披萨9寸,200000080148219419,【辣辣辣】奥尔良肌肉，火腿，青椒，玉米，洋葱，辣椒粉，加上满满的芝士！,1,9寸麻辣教父披萨,0,0,0,0
156058606,南京市玄武区珠江路688-21号,芝多客PIZZA（珠江路店）,4,32.046446,118.803592,[u'10:00/23:00'],7,4.6,0.3717535951921013,4.41646,0.91,4.71492,4.6,现烤披萨9寸,200000080152867355,土豆泥，香蕉，玉米，再加上满满的芝士！,1,9寸岩烧蕉香土豆泥披萨,0,0,0,0
156058606,南京市玄武区珠江路688-21号,芝多客PIZZA（珠江路店）,4,32.046446,118.803592,[u'10:00/23:00'],7,4.6,0.3717535951921013,4.41646,0.91,4.71492,4.6,现烤披萨9寸,200000080141945371,进口黑椒牛肉里脊，培根，青椒，洋葱，红椒，马苏里拉高级奶酪,1,9寸墨西哥烤牛肉披萨,4.0,1,1,100
156058606,南京市玄武区珠江路688-21号,芝多客PIZZA（珠江路店）,4,32.046446,118.803592,[u'10:00/23:00'],7,4.6,0.3717535951921013,4.41646,0.91,4.71492,4.6,现烤披萨9寸,200000080153298459,【倾情推荐】上选火鸡披萨，不要青椒洋葱请备注。,1,9寸珍情上选火鸡披萨,0,0,0,0
156058606,南京市玄武区珠江路688-21号,芝多客PIZZA（珠江路店）,4,32.046446,118.803592,[u'10:00/23:00'],7,4.6,0.3717535951921013,4.41646,0.91,4.71492,4.6,现烤披萨9寸,200000080145555995,泰国进口菠萝，黄桃，香蕉，玉米，马苏里拉高级奶酪,1,9寸水果缤纷披萨,4.0,1,1,100
156058606,南京市玄武区珠江路688-21号,芝多客PIZZA（珠江路店）,4,32.046446,118.803592,[u'10:00/23:00'],7,4.6,0.3717535951921013,4.41646,0.91,4.71492,4.6,现烤披萨9寸,200000080145468955,【倾情推荐】正宗进口猫山榴莲，撒上马苏里拉奶酪香浓四溢，店长推荐 推荐再推荐！,1,9寸猫山榴莲披萨,0,0,0,0
156058606,南京市玄武区珠江路688-21号,芝多客PIZZA（珠江路店）,4,32.046446,118.803592,[u'10:00/23:00'],7,4.6,0.3717535951921013,4.41646,0.91,4.71492,4.6,现烤披萨9寸,200000080145535515,番茄酱打底，牛肉，腿排肉，烤肠，青椒，马苏里拉高级奶酪 就是爱吃肉肉～,1,9寸香荤主义披萨,0,0,0,0
156058606,南京市玄武区珠江路688-21号,芝多客PIZZA（珠江路店）,4,32.046446,118.803592,[u'10:00/23:00'],7,4.6,0.3717535951921013,4.41646,0.91,4.71492,4.6,现烤披萨9寸,200000080153230875,双层马苏里拉高级奶酪，芝士爱好者的最爱！！！,1,9寸乳酪诱惑披萨,0,0,0,0
156058606,南京市玄武区珠江路688-21号,芝多客PIZZA（珠江路店）,4,32.046446,118.803592,[u'10:00/23:00'],7,4.6,0.3717535951921013,4.41646,0.91,4.71492,4.6,现烤披萨9寸,200000080153255451,意式火腿，金枪鱼肉，菠萝，玉米，蘑菇，马苏里拉高级奶酪,1,9寸深海金枪鱼披萨,0,0,0,0
156058606,南京市玄武区珠江路688-21号,芝多客PIZZA（珠江路店）,4,32.046446,118.803592,[u'10:00/23:00'],7,4.6,0.3717535951921013,4.41646,0.91,4.71492,4.6,现烤披萨9寸,200000080149053979,大虾、蟹柳等丰富海鲜美味荟萃，配上酸甜菠萝和青椒，海鲜美味扑面而来。,1,9寸海鲜至尊披萨,4.0,1,1,100
156058606,南京市玄武区珠江路688-21号,芝多客PIZZA（珠江路店）,4,32.046446,118.803592,[u'10:00/23:00'],7,4.6,0.3717535951921013,4.41646,0.91,4.71492,4.6,现烤披萨12寸,200000080149500443,意式火腿，泰国小菠萝，马苏里拉高级奶酪,1,12寸夏威夷风情披萨,0,0,0,0
156058606,南京市玄武区珠江路688-21号,芝多客PIZZA（珠江路店）,4,32.046446,118.803592,[u'10:00/23:00'],7,4.6,0.3717535951921013,4.41646,0.91,4.71492,4.6,现烤披萨12寸,200000080157825563,青椒，洋葱，培根，玉米、马苏里拉高级乳酪,2,12寸法式经典培根披萨,0,0,0,0
156058606,南京市玄武区珠江路688-21号,芝多客PIZZA（珠江路店）,4,32.046446,118.803592,[u'10:00/23:00'],7,4.6,0.3717535951921013,4.41646,0.91,4.71492,4.6,现烤披萨12寸,200000080149320219,菠萝爱上虾，满满的芝士！,1,12寸菠萝爱上虾披萨,0,0,0,0
156058606,南京市玄武区珠江路688-21号,芝多客PIZZA（珠江路店）,4,32.046446,118.803592,[u'10:00/23:00'],7,4.6,0.3717535951921013,4.41646,0.91,4.71492,4.6,现烤披萨12寸,200000080149348891,奥尔良鸡肉，牛肉，青椒，洋葱，蘑菇，马苏里拉高级奶酪,1,12寸美式精选披萨,0,0,0,0
156058606,南京市玄武区珠江路688-21号,芝多客PIZZA（珠江路店）,4,32.046446,118.803592,[u'10:00/23:00'],7,4.6,0.3717535951921013,4.41646,0.91,4.71492,4.6,现烤披萨12寸,200000080157879835,大块大块的新鲜芒果肉，芒果控们最爱,1,12寸香浓芒果披萨,0,0,0,0
156058606,南京市玄武区珠江路688-21号,芝多客PIZZA（珠江路店）,4,32.046446,118.803592,[u'10:00/23:00'],7,4.6,0.3717535951921013,4.41646,0.91,4.71492,4.6,现烤披萨12寸,200000080153588251,【辣辣辣】奥尔良肌肉，火腿，青椒，玉米，洋葱，辣椒粉，加上满满的芝士！,1,12寸麻辣教父披萨,0,0,0,0
156058606,南京市玄武区珠江路688-21号,芝多客PIZZA（珠江路店）,4,32.046446,118.803592,[u'10:00/23:00'],7,4.6,0.3717535951921013,4.41646,0.91,4.71492,4.6,现烤披萨12寸,200000080153592347,烤奥尔良鸡腿肉，烟熏培根片，蘑菇，青椒 ，玉米，马苏里拉高级奶酪,1,12寸新奥尔良披萨,0,0,0,0
156058606,南京市玄武区珠江路688-21号,芝多客PIZZA（珠江路店）,4,32.046446,118.803592,[u'10:00/23:00'],7,4.6,0.3717535951921013,4.41646,0.91,4.71492,4.6,现烤披萨12寸,200000080146016795,土豆泥，香蕉，玉米，再加上满满的芝士！,0,12寸岩烧蕉香土豆泥披萨,0,0,0,0
156058606,南京市玄武区珠江路688-21号,芝多客PIZZA（珠江路店）,4,32.046446,118.803592,[u'10:00/23:00'],7,4.6,0.3717535951921013,4.41646,0.91,4.71492,4.6,现烤披萨12寸,200000080149531163,方腿，培根，腿排丁，牛肉，青椒，蘑菇，玉米，菠萝，再加上满满的芝士！,1,12寸无敌至尊披萨,4.0,1,1,100
156058606,南京市玄武区珠江路688-21号,芝多客PIZZA（珠江路店）,4,32.046446,118.803592,[u'10:00/23:00'],7,4.6,0.3717535951921013,4.41646,0.91,4.71492,4.6,现烤披萨12寸,200000080157981211,一次可以吃到两种口味，记得备注哦。,0,12寸任性双拼披萨,0,0,0,0
156058606,南京市玄武区珠江路688-21号,芝多客PIZZA（珠江路店）,4,32.046446,118.803592,[u'10:00/23:00'],7,4.6,0.3717535951921013,4.41646,0.91,4.71492,4.6,现烤披萨12寸,200000080153687579,意式萨拉米肠，进口黑椒牛肉里脊，青椒，洋葱，红椒，马苏里拉高级奶酪,1,12寸墨西哥烤牛肉披萨,0,0,0,0
156058606,南京市玄武区珠江路688-21号,芝多客PIZZA（珠江路店）,4,32.046446,118.803592,[u'10:00/23:00'],7,4.6,0.3717535951921013,4.41646,0.91,4.71492,4.6,现烤披萨12寸,200000080158025243,满满的进口猫山榴莲+马苏里拉高级奶酪 推荐推荐再推荐！,1,12寸猫山榴莲披萨,4.0,1,1,100
156058606,南京市玄武区珠江路688-21号,芝多客PIZZA（珠江路店）,4,32.046446,118.803592,[u'10:00/23:00'],7,4.6,0.3717535951921013,4.41646,0.91,4.71492,4.6,现烤披萨12寸,200000080158042651,牛肉，腿排肉，烤肠，青椒，马苏里拉高级奶酪 就是爱吃肉肉～,1,12寸香荤主义披萨,2.0,1,0,0
156058606,南京市玄武区珠江路688-21号,芝多客PIZZA（珠江路店）,4,32.046446,118.803592,[u'10:00/23:00'],7,4.6,0.3717535951921013,4.41646,0.91,4.71492,4.6,现烤披萨12寸,200000080149599771,泰国进口菠萝。黄桃，香蕉，玉米，圣女果，马苏里拉高级奶酪,1,12寸水果缤纷披萨,2.0,1,0,0
156058606,南京市玄武区珠江路688-21号,芝多客PIZZA（珠江路店）,4,32.046446,118.803592,[u'10:00/23:00'],7,4.6,0.3717535951921013,4.41646,0.91,4.71492,4.6,现烤披萨12寸,200000080146129435,双层马苏里拉高级奶酪，芝士爱好者的最爱！！！,1,12寸乳酪诱惑披萨,5.0,1,1,100
156058606,南京市玄武区珠江路688-21号,芝多客PIZZA（珠江路店）,4,32.046446,118.803592,[u'10:00/23:00'],7,4.6,0.3717535951921013,4.41646,0.91,4.71492,4.6,现烤披萨12寸,200000080149648923,意式火腿，金枪鱼肉，菠萝，玉米，蘑菇，马苏里拉高级奶酪,1,12寸深海金枪鱼披萨,5.0,1,1,100
156058606,南京市玄武区珠江路688-21号,芝多客PIZZA（珠江路店）,4,32.046446,118.803592,[u'10:00/23:00'],7,4.6,0.3717535951921013,4.41646,0.91,4.71492,4.6,现烤披萨12寸,200000080146166299,大虾、蟹柳等丰富海鲜美味荟萃，配上酸甜菠萝和青椒，海鲜美味扑面而来。,1,12寸海鲜至尊披萨,0,0,0,0
156058606,南京市玄武区珠江路688-21号,芝多客PIZZA（珠江路店）,4,32.046446,118.803592,[u'10:00/23:00'],7,4.6,0.3717535951921013,4.41646,0.91,4.71492,4.6,现烤披萨12寸,200000080153794075,【倾情推荐！！！】上选火鸡披萨，不要青椒洋葱请备注。,0,12寸珍情上选火鸡披萨,0,0,0,0
